nombre,domicilio,localidad,departamento,provincia,cp,longitud,latitud
SAMCO HUMBERTO I,SAN MARTIN 844,HUMBERTO PRIMO,CASTELLANOS,SANTA FE,2309,-61.35861625,-30.86607544
ARMINCHIARDI,GRAL LOPEZ Y MITRE,SANTA ISABEL,GENERAL LÓPEZ,SANTA FE,2505,-61.693819,-33.887981
ROVAI,SAN LUIS 2101,ROSARIO,ROSARIO,SANTA FE,2000,-60.652946,-32.946526
GIACUMELLI,RIOJA 1101,ROLDAN,SAN LORENZO,SANTA FE,2134,-60.912412,-32.897318
FERRAN,DOMINGO FAUSTINO SARMIENTO 3098,ROSARIO,ROSARIO,SANTA FE,2000,-60.644892,-32.973194
PETRUZZI,Av PELLEGRINI 3770,ROSARIO,ROSARIO,SANTA FE,2000,-60.677472,-32.950667
RODRIGO,JUAN JOSE PASO 5880,ROSARIO,ROSARIO,SANTA FE,2000,-60.703994,-32.91998
AZAR,Av Pte PERON,ROSARIO,ROSARIO,SANTA FE,2000,-60.71336746,-32.96863543
ARCO IRIS,27 DE FEBRERO 5302,ROSARIO,ROSARIO,SANTA FE,2000,-60.695347,-32.958698
LUCARELLI,Juan Jose Paso 7800,ROSARIO,ROSARIO,SANTA FE,2000,-60.730022,-32.92079
COLLOMB,Cordoba 4313,ROSARIO,ROSARIO,SANTA FE,2000,-60.682064,-32.938512
HERNANDEZ - CASSINI,MENDOZA 4298,ROSARIO,ROSARIO,SANTA FE,2000,-60.682987,-32.943735
LASCURAIN,SAN JOSE 1519,FUNES,ROSARIO,SANTA FE,2132,-60.809737,-32.920646
R. HERNANDEZ,Avda PELLEGRINI 3456,ROSARIO,ROSARIO,SANTA FE,2000,-60.673181,-32.951424
DESMEDT,Nicaragua (B) 671,ROSARIO,ROSARIO,SANTA FE,2000,-60.72086,-32.935685
ZUCCO,J.J. PASO 2364,ROSARIO,ROSARIO,SANTA FE,2000,-60.69378,-32.91971
FRONTONS,JUAN JOSE PASO 6045,ROSARIO,ROSARIO,SANTA FE,2000,-60.706311,-32.920034
CIUCCI,Av. PROVINCIAS UNIDAS 3181,ROSARIO,ROSARIO,SANTA FE,2000,-60.711697,-32.965395
PONZIO,TUCUMAN 101,LAS ROSAS,BELGRANO,SANTA FE,2520,-61.578119,-32.476859
BIRCHER,Av GENOVA 2363,ROSARIO,ROSARIO,SANTA FE,2000,-60.69684505,-32.91547662
CALACE,Av GENOVA 3229,ROSARIO,ROSARIO,SANTA FE,2000,-60.696956,-32.915513
MUTUAL,SARMIENTO 1405,CARCARAÑA,SAN LORENZO,SANTA FE,2138,-61.04908,-32.714511
HERBAS,MENDOZA 4588,ROSARIO,ROSARIO,SANTA FE,2000,-60.687085,-32.943032
TUMINI,PELLEGRINI 738,ROLDAN,SAN LORENZO,SANTA FE,2134,-60.907606,-32.898921
BERTOLOTTI,INDEPENDENCIA 1911,FUNES,ROSARIO,SANTA FE,2132,-60.80932617,-32.91187392
PATALANO,SARMIENTO 498,CARRERAS,GENERAL LÓPEZ,SANTA FE,2729,-61.309648,-33.598535
LABORET,GARIBALDI 801,CARRERAS,GENERAL LÓPEZ,SANTA FE,2729,-61.309648,-33.598535
RENZ,CORDOBA 1392,FUNES,ROSARIO,SANTA FE,2132,-60.80840764,-32.92198021
BARCHI,SANTA FE 1483,ROSARIO,ROSARIO,SANTA FE,2000,-60.64309359,-32.94407686
MOROSINI,JUNIN 1996,ROSARIO,ROSARIO,SANTA FE,2000,-60.689832,-32.926914
DEL VALLE,ALEM 1376,AREQUITO,CASEROS,SANTA FE,2183,-61.468427,-33.144954
CERINO,AV. SAN MARTIN 1222,TOTORAS,IRIONDO,SANTA FE,2144,-61.167799,-32.585797
GHIONE,Tomas Craig 195,ROSARIO,ROSARIO,SANTA FE,2000,,
BONACCI,CASTRO BARROS 5202,ROSARIO,ROSARIO,SANTA FE,2000,-60.629579,-32.997092
FELCARO,CAFFERATA 835,ROSARIO,ROSARIO,SANTA FE,2000,-60.671207,-32.94089
VUKSICH,AZURMENDI 654,ACEBAL,ROSARIO,SANTA FE,2109,-60.833759,-33.241272
PRETONARI,SAN MARTIN 1911,CHABAS,CASEROS,SANTA FE,2173,-61.80582047,-32.73963834
SANCHEZ,CENTENARIO 505,CAÑADA DE GOMEZ,IRIONDO,SANTA FE,2500,-61.388344,-32.815393
URQUIZA,SAN MARTIN 212,CAÑADA DE GOMEZ,IRIONDO,SANTA FE,2500,-61.397806,-32.818441
HISPANO ARGENTINA,OCAMPO 698,CAÑADA DE GOMEZ,IRIONDO,SANTA FE,2500,-61.391586,-32.819694
INCHAURZA,ALEM 1914,ROSARIO,ROSARIO,SANTA FE,2000,-60.631617,-32.961506
FARMACIA MUTUAL FEDERADA  25 DE JUNIO,MORENO 1143,ROSARIO,ROSARIO,SANTA FE,2000,-60.651702,-32.948525
GALFRE,BALCARCE 801,CAÑADA DE GOMEZ,IRIONDO,SANTA FE,2500,-61.393754,-32.821912
GALENICA,ESPAÑA 2198,ROSARIO,ROSARIO,SANTA FE,2000,-60.650607,-32.961218
MUTUAL PERSONAL OBREROS SULFACID SA,DORREGO 50,FRAY LUIS BELTRAN,SAN LORENZO,SANTA FE,2156,-60.72707078,-32.78344369
LELLI,SALVAT 1562,ROSARIO,ROSARIO,SANTA FE,2000,-60.704359,-32.882506
CALVIN,JUNIN 1794,ROSARIO,ROSARIO,SANTA FE,2000,-60.687429,-32.926914
LUCARINI,MACIEL 881,ROSARIO,ROSARIO,SANTA FE,2000,-60.691999,-32.904254
ORLANDI,SAN MARTIN 3110,ROSARIO,ROSARIO,SANTA FE,2000,-60.643483,-32.973712
GHERGO,RIVADAVIA 569,TORTUGAS,BELGRANO,SANTA FE,2512,-61.80582047,-32.73963834
BRUNO,Bv CELMAN 844,TORTUGAS,BELGRANO,SANTA FE,2512,-61.80582047,-32.73963834
ZAMPATTI,RIVADAVIA 1019,SAN JOSE DE LA ESQUINA,CASEROS,SANTA FE,2185,-61.702495,-33.113183
CECARELLI,AV SAN MARTIN 1267,FRAY LUIS BELTRAN,SAN LORENZO,SANTA FE,2156,-60.72444749,-32.78937623
PUCCINI,Av FILIPPINI 1631,VILLA GOBERNADOR GALVEZ,ROSARIO,SANTA FE,2124,-60.636767,-33.020683
VILLAGGI,Bv OROÑO 1215,ROSARIO,ROSARIO,SANTA FE,2000,-60.654792,-32.948957
DE LA PLAZA,MITRE 1679,CHABAS,CASEROS,SANTA FE,2173,-61.356511,-33.245507
RIVADAVIA,RIVADAVIA 2125,CASILDA,CASEROS,SANTA FE,2170,-61.159948,-33.040633
ASTRAL,J. MANUEL DE ROSAS 1301,ROSARIO,ROSARIO,SANTA FE,2000,-60.63285828,-32.95372825
JUAN,JUNIN 5648,ROSARIO,ROSARIO,SANTA FE,2000,-60.70101,-32.927283
REINALDI,Av 18 Nº 756,LAS PETACAS,SAN MARTÍN,SANTA FE,2451,-62.107701,-31.820033
PLACENTI,SAN JUAN 3501,ROSARIO,ROSARIO,SANTA FE,2000,-60.672323,-32.944167
ARIAS,TUCUMAN 917,ALVAREZ,ROSARIO,SANTA FE,2107,-60.80663,-33.129214
LUMANI,SAN LUIS 2922,ROSARIO,ROSARIO,SANTA FE,2000,-60.663975,-32.944473
LAGRECA,3 DE FEBRERO 2698,ROSARIO,ROSARIO,SANTA FE,2000,-60.661594,-32.948795
PERDOMO,SAN LUIS 2566,ROSARIO,ROSARIO,SANTA FE,2000,-60.659083,-32.945355
GAMULIN,RODRIGUEZ 714,ROSARIO,ROSARIO,SANTA FE,2000,-60.65859,-32.941556
RODRIGUEZ SILVIA GUADALUPE,SAN LUIS 4570,ROSARIO,ROSARIO,SANTA FE,2000,-60.686291,-32.940547
MENDOZA,AV. 27 DE FEBRERO 3946,ROSARIO,ROSARIO,SANTA FE,2000,-60.682386,-32.96057
BELLA VISTA,RIOBAMBA 3696,ROSARIO,ROSARIO,SANTA FE,2000,-60.67800522,-32.95660906
ALESSO,SARMIENTO 1296,ROSARIO,ROSARIO,SANTA FE,2000,-60.639707,-32.952612
CASCIANI,ISLAS MALVINAS 195,ARROYO SECO,ROSARIO,SANTA FE,2128,-60.513089,-33.161697
CHOIHETTE,SAN MARTIN 4842,ROSARIO,ROSARIO,SANTA FE,2000,-60.64726,-32.993061
BONDIEU,SAN MARTIN 621,ARROYO SECO,ROSARIO,SANTA FE,2128,-60.513175,-33.161589
CUBELLS,EVA PERON 8166,ROSARIO,ROSARIO,SANTA FE,2000,-60.738133,-32.928553
LO MORO,SAN LORENZO 1888,ROSARIO,ROSARIO,SANTA FE,2000,-60.648526,-32.942132
MARCELO GARCIA,LAVALLE 1301,CAÑADA DE GOMEZ,IRIONDO,SANTA FE,2500,-61.40066,-32.819397
GRASSI,SARMIENTO 641,ARROYO SECO,ROSARIO,SANTA FE,2128,-60.513217,-33.161625
VIA CORDOBA,CORDOBA 5753 PB,ROSARIO,ROSARIO,SANTA FE,2000,-60.70202,-32.934983
BIZZOTTO,COLON 1301,ROSARIO,ROSARIO,SANTA FE,2000,-60.627215,-32.954905
LORENZINI,NECOCHEA 1687,ROSARIO,ROSARIO,SANTA FE,2000,-60.626854,-32.959562
FARMACIA YASPARRA,MONTEVIDEO 1364,ROSARIO,ROSARIO,SANTA FE,2000,-60.644234,-32.955403
OTTOLINI,MENDOZA 5151,ROSARIO,ROSARIO,SANTA FE,2000,-60.694059,-32.941808
PERINETTI,H. Irigoyen 1078,ROSARIO,ROSARIO,SANTA FE,2000,-60.69908,-32.884453
BOGGIONE,BALCARCE816,ROSARIO,ROSARIO,SANTA FE,2000,-60.652131,-32.944149
SANTONI,SANTA FE 785,TORTUGAS,BELGRANO,SANTA FE,2512,-61.80582047,-32.73963834
ASOCIACION MUTUAL FERROVIARIA,LAVALLE 472,CAÑADA DE GOMEZ,IRIONDO,SANTA FE,2500,-61.38888,-32.821452
IRIONDO,3 DE FEBRERO 3401,ROSARIO,ROSARIO,SANTA FE,2000,-60.671614,-32.946994
GERVATTI,Bv AVELLANEDA 967 BIS,ROSARIO,ROSARIO,SANTA FE,2000,-60.677936,-32.934469
MICA,CALLAO 301,ROSARIO,ROSARIO,SANTA FE,2000,-60.658783,-32.936784
SAAVEDRA,PARAGUAY 3502,ROSARIO,ROSARIO,SANTA FE,2000,-60.651637,-32.976952
RAGAZZO,CONSTITUCION 940,ROSARIO,ROSARIO,SANTA FE,2000,-60.674168,-32.94143
BERDINI,9 DE JULIO 845,ARROYO SECO,ROSARIO,SANTA FE,2128,-60.51200867,-33.15796025
LA FLORIDA,Bv. Rondeau 3302,ROSARIO,ROSARIO,SANTA FE,2000,-60.695306,-32.884628
AGRELO,AGRELO 2364,ROSARIO,ROSARIO,SANTA FE,2000,-60.692257,-32.890669
ANTONELLI,WILDE 508,ROSARIO,ROSARIO,SANTA FE,2000,-60.738691,-32.934334
BABINI,MENDOZA 7735,ROSARIO,ROSARIO,SANTA FE,2000,-60.72748661,-32.9406554
VAROLI,MORENO 1363,VILLA CONSTITUCION,CONSTITUCIÓN,SANTA FE,2919,-60.330373,-33.23018
INTILE,GUEMES 2499,ROSARIO,ROSARIO,SANTA FE,2000,-60.654706,-32.932479
SAN PEDRO,RIVADAVIA 1754,VILLA CONSTITUCION,CONSTITUCIÓN,SANTA FE,2919,-60.325052,-33.23106
VIDAL,SAN NICOLAS 301,ROSARIO,ROSARIO,SANTA FE,2000,-60.671099,-32.934659
PIETRODARCHI,GARIBALDI 2352,CASILDA,CASEROS,SANTA FE,2170,-61.178809,-33.048296
CARELLI DE COLOMBO,QUINTANA 360,AMENABAR,GENERAL LÓPEZ,SANTA FE,6103,-61.699952,-33.88326
MOREIRA,SAN MARTIN 1220,SAN GREGORIO,GENERAL LÓPEZ,SANTA FE,2613,-62.037399,-34.324087
RAMKIN,URQUIZA 5835,ROSARIO,ROSARIO,SANTA FE,2000,-60.703028,-32.933164
HOSPITAL DR JUAN BAUTISTA ALBERDI,PUCCIO JOSE 575,ROSARIO,ROSARIO,SANTA FE,2000,-60.69172,-32.894705
SALVUCCI,9 DE JULIO 1253,TOTORAS,IRIONDO,SANTA FE,2144,-61.167799,-32.5857972
FERRARI,CRESPO 2102,ROSARIO,ROSARIO,SANTA FE,2000,-60.672323,-32.956609
GALIZIA,Bv SEGUI 1701,ROSARIO,ROSARIO,SANTA FE,2000,-60.654899,-32.977384
HOSPITAL DE NIÑO ZONA NORTE (FCIA INTERNA),DE LOS TRABAJADORES 1331,ROSARIO,ROSARIO,SANTA FE,2000,-60.67921,-32.911964
CAPPONE,Bv OROÑO,ROSARIO,ROSARIO,SANTA FE,2000,-60.66570658,-32.9914565
SANTA MONICA,OVIDIO LAGOS 3049,ROSARIO,ROSARIO,SANTA FE,2000,-60.667945,-32.968329
CASA,BAIGORRIA 1710,ROSARIO,ROSARIO,SANTA FE,2000,-60.704938,-32.893768
OVEID,JJ PASO 802,ROSARIO,ROSARIO,SANTA FE,2000,-60.675327,-32.919115
LORENZO,GRAL LOPEZ 26 PB,FRAY LUIS BELTRAN,SAN LORENZO,SANTA FE,2156,-60.723628,-32.819703
GRANADEROS A CABALLO,RICHERI 347,SAN LORENZO,SAN LORENZO,SANTA FE,2200,-60.72987,-32.748807
EL SOL,LAVALLE 939,CAÑADA DE GOMEZ,IRIONDO,SANTA FE,2500,-61.395746,-32.820244
LUCHETTA(dupl),BUENOS AIRES 1654,ROSARIO,ROSARIO,SANTA FE,2000,-60.635244,-32.957689
DI MONACO,PTE. ROCA 1462,ROSARIO,ROSARIO,SANTA FE,2000,-60.647131,-32.953134
PARISI,Av FRANCIA 1501,ROSARIO,ROSARIO,SANTA FE,2000,-60.667816,-32.950271
RIVADAVIA,RIVADAVIA 1400,VILLA CONSTITUCION,CONSTITUCIÓN,SANTA FE,2919,-60.327519,-33.228708
LA UNIVERSIDAD,SALTA 2801,ROSARIO,ROSARIO,SANTA FE,2000,-60.660113,-32.935145
LA UNION,AYACUCHO 5576,ROSARIO,ROSARIO,SANTA FE,2000,-60.636038,-33.001124
SAENZ PEÑA,Av ARIJON 702,ROSARIO,ROSARIO,SANTA FE,2000,-60.644985,-33.002689
TORRESI,BUENOS AIRES 4271,ROSARIO,ROSARIO,SANTA FE,2000,-60.642775,-32.9875
SANTAMBROSIO,Av URIBURU 721,ROSARIO,ROSARIO,SANTA FE,2000,-60.643784,-32.990362
CUBO,MONTEVIDEO 1983,ROSARIO,ROSARIO,SANTA FE,2000,-60.652796,-32.953872
VITALE,GRAL SAVIO 214,FRAY LUIS BELTRAN,SAN LORENZO,SANTA FE,2156,-60.730215,-32.783667
SCARAVAGLIONE,CORRIENTES 962,ROSARIO,ROSARIO,SANTA FE,2000,-60.642883,-32.94766
GABBI,SARMIENTO 1416,ROSARIO,ROSARIO,SANTA FE,2000,-60.64005,-32.95398
EXPRESS,Bv RONDEAU 4147,ROSARIO,ROSARIO,SANTA FE,2000,-60.698192,-32.876361
SCARPIGNATO,BV. OROÑO 1509,ROSARIO,ROSARIO,SANTA FE,2000,-60.655586,-32.952414
CICCONI,CERRITO 684,ALVAREZ,ROSARIO,SANTA FE,2107,-60.806637,-33.129789
YOCCO,SAN MARTIN 901,CAÑADA DE GOMEZ,IRIONDO,SANTA FE,2500,-61.396025,-32.81139
GRISOLIA,SAN MARTIN 1118,SAN LORENZO,SAN LORENZO,SANTA FE,2200,-60.734185,-32.750377
AMERICA,EDISON 73,CAÑADA DE GOMEZ,IRIONDO,SANTA FE,2500,-61.396648,-32.822913
POPULAR,Bv OROÑO 621,SAN LORENZO,SAN LORENZO,SANTA FE,2200,-60.734099,-32.735397
MARINELLI,AYACUCHO 2097,ROSARIO,ROSARIO,SANTA FE,2000,-60.630716,-32.963613
BRACCANI,SAN MARTIN 1795,ARMSTRONG,BELGRANO,SANTA FE,2508,-61.602538,-32.781249
GRIFFA,P. FERRERO 1564,ARMSTRONG,BELGRANO,SANTA FE,2508,-61.602538,-32.781249
DESANO,MITRE 2078,ROSARIO,ROSARIO,SANTA FE,2000,-60.643312,-32.961254
CARESTIA,PARAGUAY   2104,ROSARIO,ROSARIO,SANTA FE,2000,-60.647646,-32.960948
MUTUAL DE AYUDA ENTRE ASOCIADOS DE LA ASOCIACION DEPORTIVA EVERTON OLIMPIA (ADEO),LAVALLE 1304,CAÑADA DE GOMEZ,IRIONDO,SANTA FE,2500,-61.400961,-32.81936
SERGIO RODRIGUEZ,TUCUMAN 7782,ROSARIO,ROSARIO,SANTA FE,2000,-60.729207,-32.933092
BERTERO,EVA PERON 7025,ROSARIO,ROSARIO,SANTA FE,2000,-60.71695089,-32.93228128
ORIOLI,CORDOBA 2275,ROSARIO,ROSARIO,SANTA FE,2000,-60.654427,-32.943519
CAPOZZI,SAN MARTIN 2365,VILLA GOBERNADOR GALVEZ,ROSARIO,SANTA FE,2124,-60.622399,-33.027375
OESTE,CORDOBA 6694,ROSARIO,ROSARIO,SANTA FE,2000,-60.71262,-32.933146
COLONIA PSIQUIATRICO OLIVERO  DR ABELARDO FREYRE,Ruta 11 km. 356.5,OLIVEROS,IRIONDO,SANTA FE,2206,-60.849974,-32.574736
FRANZ,MENDOZA 5802,ROSARIO,ROSARIO,SANTA FE,2000,-60.702513,-32.940223
PIOLETTI,LISANDRO DE LA TORRE 2601,CASILDA,CASEROS,SANTA FE,2170,-61.171192,-33.048583
PILAR,PUEYRREDON 353,ROSARIO,ROSARIO,SANTA FE,2000,-60.656272,-32.937702
SCLOSA,MENDOZA 5567,ROSARIO,ROSARIO,SANTA FE,2000,-60.699488,-32.940799
SMYK,J. INGENIERON  1104,SAN LORENZO,SAN LORENZO,SANTA FE,2200,-60.739483,-32.73999
NOEL,Sgto CABRAL 1970,SAN LORENZO,SAN LORENZO,SANTA FE,2200,-60.730567,-32.742526
SAN GREGORIO,SAN MARTIN 964,SAN GREGORIO,GENERAL LÓPEZ,SANTA FE,2613,-62.037399,-34.324087
BELGRANO,MENDOZA 6998,ROSARIO,ROSARIO,SANTA FE,2000,-60.71619987,-32.94034927
BENITEZ,Bv Avellaneda 735 Bis,ROSARIO,ROSARIO,SANTA FE,2000,-60.67418575,-32.91843072
BIZZARRI,JOSE INGENIEROS 876,ROSARIO,ROSARIO,SANTA FE,2000,-60.6976,-32.847902
SIMONE,OCAMPO 1501,CAÑADA DE GOMEZ,IRIONDO,SANTA FE,2500,-61.403514,-32.817665
BONICCHI,LISANDRO DE LA TORRE 55,ARROYO SECO,ROSARIO,SANTA FE,2128,-60.513089,-33.161697
RIVERO,JUAN B. JUSTO 658,ARROYO SECO,ROSARIO,SANTA FE,2128,-60.513217,-33.161625
VEGA,PASTEUR 2298,VILLA GOBERNADOR GALVEZ,ROSARIO,SANTA FE,2124,-60.624021,-33.027735
MILATICH,BUENOS AIRES 2398,VILLA GOBERNADOR GALVEZ,ROSARIO,SANTA FE,2124,-60.638484,-33.029067
COBELLI,CORDOBA 5973,ROSARIO,ROSARIO,SANTA FE,2000,-60.704509,-32.934514
PISTACCHIA,EVA PERON 8055,ROSARIO,ROSARIO,SANTA FE,2000,-60.735794,-32.928985
DE PAOLA,SANTIAGO 1499,ROSARIO,ROSARIO,SANTA FE,2000,-60.658182,-32.951568
DEL BARRIO,Bv RONDEAU 3411,ROSARIO,ROSARIO,SANTA FE,2000,-60.695934,-32.883822
MUTUAL,LAS HERAS 1164,TOTORAS,IRIONDO,SANTA FE,2144,-61.16802,-32.585874
LOPEZ,SAN MARTIN 1302,SAN LORENZO,SAN LORENZO,SANTA FE,2200,-60.734145,-32.748662
DEL PRETE,MORENO 295,ARROYO SECO,ROSARIO,SANTA FE,2128,-60.513346,-33.161697
LORENZETTI,NECOCHEA 1795,ROSARIO,ROSARIO,SANTA FE,2000,-60.627154,-32.960696
GENCIANA,MAESTROS SANTAFESINOS 4885,ROSARIO,ROSARIO,SANTA FE,2000,-60.62298424,-32.99307623
GRILLI,SAN JUAN 601,ROSARIO,ROSARIO,SANTA FE,2000,-60.632604,-32.95137
ALEJANDRA PORTA,BAIGORRIA 1477,ROSARIO,ROSARIO,SANTA FE,2000,-60.701848,-32.893444
GALLI,9 DE JULIO 1361,AREQUITO,CASEROS,SANTA FE,2183,-61.468256,-33.145061
HAUPTMANN,GRAL PAZ 5467,ROSARIO,ROSARIO,SANTA FE,2000,-60.62723311,-32.99992454
CECCARELLI,AYACUCHO 5380,ROSARIO,ROSARIO,SANTA FE,2000,-60.636274,-32.999036
MARCHETTI,SANTA FE 1631,FUNES,ROSARIO,SANTA FE,2132,-60.810574,-32.918305
MAMMANA,Av CORDOBA 4790,ROSARIO,ROSARIO,SANTA FE,2000,-60.688566,-32.937396
CHIMENTON,PELLEGRINI 4460,ROSARIO,ROSARIO,SANTA FE,2000,-60.686828,-32.948993
CASALINO,SAN MARTIN 598,SAN GREGORIO,GENERAL LÓPEZ,SANTA FE,2613,-62.037613,-34.323768
SINDICAL UOM,CORDOBA 1202,AREQUITO,CASEROS,SANTA FE,2183,-61.468256,-33.144918
ARAUJO,RIOJA 701,ROSARIO,ROSARIO,SANTA FE,2000,-60.63305473,-32.94877599
AMBAY,SAN JUAN 2296,ROSARIO,ROSARIO,SANTA FE,2000,-60.65558048,-32.94719692
AQUINO,SAN LUIS 2348,ROSARIO,ROSARIO,SANTA FE,2000,-60.655935,-32.945877
ARGENTA,SE SAN MARTIN JOSE GRL AV 4515,ROSARIO,ROSARIO,SANTA FE,2000,,
ACEOLAZA,SUPERI JOSE 996,ROSARIO,ROSARIO,SANTA FE,2000,,
ALEMA,TUCUMAN 1099,ROSARIO,ROSARIO,SANTA FE,2000,-60.63706169,-32.94183776
ANUNZIATO,DE URQUIZA JUSTO JOSE 2597,ROSARIO,ROSARIO,SANTA FE,2000,,
ACHIDIAK,VELEZ SARSFIELD 1582,ROSARIO,ROSARIO,SANTA FE,2000,-60.68617172,-32.92518195
BONEL,ARIJON AV 1337,ROSARIO,ROSARIO,SANTA FE,2000,-60.65236462,-33.00311707
BAHA,BAHIA BLANCA BIS 388,ROSARIO,ROSARIO,SANTA FE,2000,-60.68876932,-32.923865
BAIGORRIA,BAIGORRIA JUAN BAUTISTA 957,ROSARIO,ROSARIO,SANTA FE,2000,,
BOGGIONE,BALCARCE 816,ROSARIO,ROSARIO,SANTA FE,2000,-60.65197402,-32.94411923
BERMEJO,AYACUCHO 1650,ROSARIO,ROSARIO,SANTA FE,2000,-60.62946844,-32.95868957
BINI,SEGUI JUAN FRANCISCO BV 5341,ROSARIO,ROSARIO,SANTA FE,2000,,
BRUFAL,SEGUI JUAN FRANCISCO BV 5203,ROSARIO,ROSARIO,SANTA FE,2000,,
BUSTAMANTE,CASIANO CASAS 1502,ROSARIO,ROSARIO,SANTA FE,2000,-60.70412519,-32.90184214
BATALLA,DUARTE DE PERON EVA AV 4997,ROSARIO,ROSARIO,SANTA FE,2000,,
BARTONAGIOLLI,DE ROSAS JUAN MANUEL 2448,ROSARIO,ROSARIO,SANTA FE,2000,,
BONETTO,PASO JUAN JOSE 5669,ROSARIO,ROSARIO,SANTA FE,2000,,
BARBAGALLO,TUCUMAN 7607,ROSARIO,ROSARIO,SANTA FE,2000,-60.72493294,-32.93287501
BECCARIA,PROVINCIAS UNIDAS AV 864,ROSARIO,ROSARIO,SANTA FE,2000,-60.71285078,-32.93763432
BUSALACCHI,LAMADRID 1987,ROSARIO,ROSARIO,SANTA FE,2000,-60.66203649,-32.99750945
BOZAZ,MENDOZA AV 7940,ROSARIO,ROSARIO,SANTA FE,2000,,
BEDETTI,MITRE BARTOLOME 4408,ROSARIO,ROSARIO,SANTA FE,2000,,
BERGERO,MONTEVIDEO 1732,ROSARIO,ROSARIO,SANTA FE,2000,-60.64938909,-32.95454503
BAVASTRO,NECOCHEA 3118,ROSARIO,ROSARIO,SANTA FE,2000,-60.63099451,-32.97606064
BOSCO,PARAGUAY 1159,ROSARIO,ROSARIO,SANTA FE,2000,-60.64486452,-32.9499885
BACHIARRI,ROCA JULIO ARGENTINO PTE 2508,ROSARIO,ROSARIO,SANTA FE,2000,,
BIANCHI,RIOBAMBA 3595,ROSARIO,ROSARIO,SANTA FE,2000,-60.67646951,-32.9568899
BERGONZI,SALTA AV 1975,ROSARIO,ROSARIO,SANTA FE,2000,-60.64850429,-32.9372715
BITTAR,SAN JUAN 3292,ROSARIO,ROSARIO,SANTA FE,2000,-60.669133,-32.94479042
BONO,SAN LORENZO 1130,ROSARIO,ROSARIO,SANTA FE,2000,-60.63804599,-32.94409848
BENDINELLI,DE URQUIZA JUSTO JOSE 2373,ROSARIO,ROSARIO,SANTA FE,2000,,
CASADEI,9 DE JULIO 1768,ROSARIO,ROSARIO,SANTA FE,2000,-60.64931272,-32.95216008
CASTINI,9 DE JULIO 414,ROSARIO,ROSARIO,SANTA FE,2000,-60.63038733,-32.95558009
CATAUDELLA,9 DE JULIO 504,ROSARIO,ROSARIO,SANTA FE,2000,-60.63164912,-32.9553667
CONCARI,9 DE JULIO 764,ROSARIO,ROSARIO,SANTA FE,2000,-60.63554236,-32.95469178
CHIAPPERO,9 DE JULIO 2499,ROSARIO,ROSARIO,SANTA FE,2000,-60.65923875,-32.95038317
CASTELLI,ARIJON AV 302,ROSARIO,ROSARIO,SANTA FE,2000,-60.6360759,-33.00262066
CARLOS SOLARI,ARIJON AV 1645,ROSARIO,ROSARIO,SANTA FE,2000,-60.65695565,-33.00325454
CLADERA,NTRA SRA DEL ROSARIO AV 3189,ROSARIO,ROSARIO,SANTA FE,2000,-60.6790995,-33.00098161
CAPRIOGLIO,FRANCIA AV 2581,ROSARIO,ROSARIO,SANTA FE,2000,-60.67091692,-32.96240524
CUCA,URIBURU JOSE EVARISTO PRES AV 1756,ROSARIO,ROSARIO,SANTA FE,2000,,
COTUGNO,BUENOS AIRES 3569,ROSARIO,ROSARIO,SANTA FE,2000,-60.64080504,-32.97964304
CATIVIELA,AVELLANEDA BV 2655,ROSARIO,ROSARIO,SANTA FE,2000,-60.68474998,-32.96092216
CARLOS LAURINO,OROO NICASIO BV 6000,ROSARIO,ROSARIO,SANTA FE,2000,,
CRISTIAN HERNANDEZ,OROO NICASIO BV 3436,ROSARIO,ROSARIO,SANTA FE,2000,,
CRUZ DEL SUR,OROO NICASIO BV 2875,ROSARIO,ROSARIO,SANTA FE,2000,,
CARRA,RONDEAU BV 1029,ROSARIO,ROSARIO,SANTA FE,2000,-60.68947261,-32.9047576
CORIASCO,CAFFERATA 1242,ROSARIO,ROSARIO,SANTA FE,2000,-60.6724107,-32.94620398
CORDOBA,Córdoba 2394,ROSARIO,ROSARIO,SANTA FE,2000,-60.655991,-32.9431329
CENTENARIO,CORRIENTES AV 501,ROSARIO,ROSARIO,SANTA FE,2000,-60.64149956,-32.94220125
CORRIENTES,CORRIENTES AV 785,ROSARIO,ROSARIO,SANTA FE,2000,-60.64231123,-32.94548113
CENTINEO,JUNIN 650,ROSARIO,ROSARIO,SANTA FE,2000,-60.67282576,-32.92655934
CHIABRANDO,ENTRE RIOS 1121,ROSARIO,ROSARIO,SANTA FE,2000,-60.64196475,-32.94995048
CULLA,DUARTE DE PERON EVA AV 5401,ROSARIO,ROSARIO,SANTA FE,2000,-60.69754779,-32.93588653
CANTONI,IGR LAPORTE 3732,ROSARIO,ROSARIO,SANTA FE,2000,-60.69354899,-32.88044258
CECCONI,JUSTO JUAN BAUTISTA 7235,ROSARIO,ROSARIO,SANTA FE,2000,,
CRUZ DEL OESTE,PASO JUAN JOSE 6674,ROSARIO,ROSARIO,SANTA FE,2000,,
FALCONE,SE SAN MARTIN JOSE GRL AV 658,ROSARIO,ROSARIO,SANTA FE,2000,-60.63638806,-32.94527209
FEIOCK,SAN NICOLAS 3798,ROSARIO,ROSARIO,SANTA FE,2000,-60.6811602,-32.97524145
FARINA,SANTA FE 3304,ROSARIO,ROSARIO,SANTA FE,2000,-60.6679487,-32.9396481
FERRETO,SARMIENTO DOMINGO FAUSTINO PRES 4301,ROSARIO,ROSARIO,SANTA FE,2000,,
FENOGLIO,ZEBALLOS ESTANISLAO 1901,ROSARIO,ROSARIO,SANTA FE,2000,-60.65140615,-32.95300516
GIMENEZ,24 DE SETIEMBRE 1362,ROSARIO,ROSARIO,SANTA FE,2000,-60.6503551,-32.97955255
GONZALEZ C.,27 DE FEBRERO 1499,ROSARIO,ROSARIO,SANTA FE,2000,-60.64909676,-32.96668417
GRANDOLI,GRANDOLI ABANDERADO 4043,ROSARIO,ROSARIO,SANTA FE,2000,-60.62840809,-32.98765471
GOMEZ,ALBERDI 243,ROSARIO,ROSARIO,SANTA FE,2000,-60.67402491,-32.92988843
GARCIA,FRANCIA AV 2788,ROSARIO,ROSARIO,SANTA FE,2000,-60.67153618,-32.96483755
GENOVA,GENOVA 1199,ROSARIO,ROSARIO,SANTA FE,2000,-60.68036203,-32.91504655
GUARINO,AYACUCHO 6147,ROSARIO,ROSARIO,SANTA FE,2000,-60.63582598,-33.00793987
GIUDICI,AYALA GAUNA 7887,ROSARIO,ROSARIO,SANTA FE,2000,-60.73266374,-32.91247397
GOMEZ VALLE,BAIGORRIA JUAN BAUTISTA 2350,ROSARIO,ROSARIO,SANTA FE,2000,,
GARIN,BROWN GUILLERMO 1774,ROSARIO,ROSARIO,SANTA FE,2000,,
GERVATTI,AVELLANEDA BIS BV 967,ROSARIO,ROSARIO,SANTA FE,2000,-60.6734659,-32.91631494
GALIGANI,OROO NICASIO BV 3714,ROSARIO,ROSARIO,SANTA FE,2000,,
GONZALEZ,SEGUI JUAN FRANCISCO BV 3903,ROSARIO,ROSARIO,SANTA FE,2000,,
GIOVINAZO,CASIANO CASAS 1284,ROSARIO,ROSARIO,SANTA FE,2000,-60.70070616,-32.90380296
G. GARCIA,CORRIENTES AV 4799,ROSARIO,ROSARIO,SANTA FE,2000,-60.65364977,-32.9930564
CAPPETINI,MATIENZO 2002,ROSARIO,ROSARIO,SANTA FE,2000,-60.69425024,-32.95172246
CUPELLINO,MAZA JUAN AGUSTIN 3302,ROSARIO,ROSARIO,SANTA FE,2000,,
CAPPONI,MENDOZA AV 6035,ROSARIO,ROSARIO,SANTA FE,2000,,
COLLA,MENDOZA AV 5357,ROSARIO,ROSARIO,SANTA FE,2000,,
CRUZ DEL PORTAL,NANSEN 248,ROSARIO,ROSARIO,SANTA FE,2000,-60.682969,-32.909068
CONDE,NECOCHEA 1245,ROSARIO,ROSARIO,SANTA FE,2000,-60.62559029,-32.95438318
COXHEAD,NECOCHEA 1483,ROSARIO,ROSARIO,SANTA FE,2000,-60.62631052,-32.95733229
CARDINI,LAGOS OVIDIO AV 421,ROSARIO,ROSARIO,SANTA FE,2000,-60.66035067,-32.93786096
CARUSO,PELLEGRINI CARLOS AV 5935,ROSARIO,ROSARIO,SANTA FE,2000,,
CALVAGNA,PROVINCIAS UNIDAS AV 1723,ROSARIO,ROSARIO,SANTA FE,2000,-60.71230108,-32.94896898
CERRITO,PROVINCIAS UNIDAS AV 2102,ROSARIO,ROSARIO,SANTA FE,2000,-60.71212838,-32.95334542
CAMPO,RODRIGUEZ 1601,ROSARIO,ROSARIO,SANTA FE,2000,-60.66119783,-32.95246632
CHIMINELLO,SAN JUAN 2010,ROSARIO,ROSARIO,SANTA FE,2000,-60.65167532,-32.94790537
CURTO,SAN LORENZO 2290,ROSARIO,ROSARIO,SANTA FE,2000,-60.65398959,-32.94119164
FARMACIA CEMAR,SAN LUIS 2020,ROSARIO,ROSARIO,SANTA FE,2000,-60.6514756,-32.9465819
CAVATORTA,SE SAN MARTIN JOSE GRL AV 5023,ROSARIO,ROSARIO,SANTA FE,2000,,
CHOIETTE,SE SAN MARTIN JOSE GRL AV 4842,ROSARIO,ROSARIO,SANTA FE,2000,,
CEBALLOS,SAN NICOLAS 1899,ROSARIO,ROSARIO,SANTA FE,2000,-60.67565101,-32.95344678
CORSI,TEJEDA 2666,ROSARIO,ROSARIO,SANTA FE,2000,-60.71700827,-32.88731548
CAGLIERO,ESTANISLAO ZEBALLOS 570,SUNCHALES,CASTELLANOS,SANTA FE,2322,-61.55939049,-30.94666218
FENOGLIO,CRESPO 195,SUNCHALES,CASTELLANOS,SANTA FE,2322,-61.55596586,-30.94588189
GARIONE,9 DE JULIO 23,SUNCHALES,CASTELLANOS,SANTA FE,2322,-61.55867807,-30.94430343
GHIONE,SAN MARTIN 45,SUNCHALES,CASTELLANOS,SANTA FE,2322,-60.707038,-31.647399
MOLINA,ILLIA 596,SUNCHALES,CASTELLANOS,SANTA FE,2322,-61.55271184,-30.94924355
PUSSETTO,AVDA. BELGRANO 402,SUNCHALES,CASTELLANOS,SANTA FE,2322,,
ROSSO,ITALIA 574,SUNCHALES,CASTELLANOS,SANTA FE,2322,-61.56123386,-30.93937745
VANDERBERGHE,ILLIA 596,SUNCHALES,CASTELLANOS,SANTA FE,2322,-61.55271184,-30.94924355
CARANGI,SARMIENTO 135,SUSANA,CASTELLANOS,SANTA FE,2301,-61.51396244,-31.35515414
CABALLERO,ZONA URBANA,TACUARENDI,GENERAL OBLIGADO,SANTA FE,3587,,
DAGATTI,AV.S.MARTIN ESQ.J.GARAY 1301,TOSTADO,9 DE JULIO,SANTA FE,3060,,
FANTINI,RIVADAVIA 1300,TOSTADO,9 DE JULIO,SANTA FE,3060,-61.77180201,-29.23322842
MARTEL,INDEPENDENCIA 1790,TOSTADO,9 DE JULIO,SANTA FE,3060,-61.768531,-29.22918097
OLSINA,SAAVEDRA 1290,TOSTADO,9 DE JULIO,SANTA FE,3060,-61.7729273,-29.22904673
TANOYRA,SAN LORENZO 1582,TOSTADO,9 DE JULIO,SANTA FE,3060,-61.76960503,-29.23179704
TURCO,SAN MARTIN 1374,TOSTADO,9 DE JULIO,SANTA FE,3060,-61.77139163,-29.23428169
ALESSO,AVENIDA LEZAMA 1978,VERA,VERA,SANTA FE,3550,,
APUT,SAN MARTIN 2019,VERA,VERA,SANTA FE,3550,-60.21086717,-29.46121449
FARMACIA DEL CENTRO,Corrientes 872,ROSARIO,ROSARIO,SANTA FE,2000,-60.642604,-32.9464169
DEL PARQUE,CORRIENTES AV 1801,ROSARIO,ROSARIO,SANTA FE,2000,-60.64538136,-32.95769396
DONADO,DONADO 672,ROSARIO,ROSARIO,SANTA FE,2000,-60.72727933,-32.93577843
DURINI,PASO JUAN JOSE 1602,ROSARIO,ROSARIO,SANTA FE,2000,,
DEL BARCO,JUNIN 1298,ROSARIO,ROSARIO,SANTA FE,2000,-60.68193267,-32.92679116
DE LA PLAZA,LAPRIDA NARCISO 772,ROSARIO,ROSARIO,SANTA FE,2000,,
DORREGO,MENDOZA AV 1903,ROSARIO,ROSARIO,SANTA FE,2000,,
DUFOUR,MENDOZA AV 2839,ROSARIO,ROSARIO,SANTA FE,2000,,
DESMEDT,NICARAGUA BIS 671,ROSARIO,ROSARIO,SANTA FE,2000,-60.72157699,-32.92098532
DEL SOL,PARAGUAY 952,ROSARIO,ROSARIO,SANTA FE,2000,-60.644287,-32.9473459
DEL SUR,PARAGUAY 6220,ROSARIO,ROSARIO,SANTA FE,2000,-60.65443739,-33.00917806
DEL AGUILA,RIOJA 883,ROSARIO,ROSARIO,SANTA FE,2000,-60.63536223,-32.94829932
DADAMO,RUEDA MIGUEL DR 1851,ROSARIO,ROSARIO,SANTA FE,2000,,
DI SIMONE,TARRAGONA BIS 1228,ROSARIO,ROSARIO,SANTA FE,2000,-60.73518321,-32.91491228
EDGARDO YAFFE,1 DE MAYO 908,ROSARIO,ROSARIO,SANTA FE,2000,-60.63016985,-32.94943186
EL TREBOL,BRASIL 2196,ROSARIO,ROSARIO,SANTA FE,2000,-60.71896409,-32.95467735
ENTRE ROS,ENTRE RIOS 1916,ROSARIO,ROSARIO,SANTA FE,2000,-60.64430528,-32.95925585
EUROPEA,ENTRE RIOS 401,ROSARIO,ROSARIO,SANTA FE,2000,-60.63980373,-32.94131251
ESCOBAR,FRAGATA SARMIENTO 3019,ROSARIO,ROSARIO,SANTA FE,2000,-60.67612859,-32.9881214
ESTRADA,MARTINEZ ESTRADA 7960,ROSARIO,ROSARIO,SANTA FE,2000,-60.73422843,-32.91127883
EL CIRCULO,MENDOZA AV 742,ROSARIO,ROSARIO,SANTA FE,2000,,
BERLI,COLON 1758,VERA,VERA,SANTA FE,3550,-60.21079687,-29.45703147
CACERES,CORRIENTES 1201,VERA,VERA,SANTA FE,3550,-60.67878132,-31.51008717
CHAMORRO,SAN MARTIN 1509,VERA,VERA,SANTA FE,3550,-60.21190681,-29.46664026
MARANGONI,BELGRANO 1620,VERA,VERA,SANTA FE,3550,-60.21291279,-29.46526372
MONDINO,BUENOS AIRES 2085,VERA,VERA,SANTA FE,3550,-60.2160594,-29.46283541
RAMSEYER,LISANDRO DE LA TORRE 1957,VERA,VERA,SANTA FE,3550,,
RIVOIRE,MORENO 2041,VERA,VERA,SANTA FE,3550,-60.21327029,-29.46060805
RODRIGUEZ,BELGRANO 2202,VERA,VERA,SANTA FE,3550,-60.21171595,-29.4590808
SELECT CATTANEO,SAN MARTIN Y BUENOS AIRES,VERA,VERA,SANTA FE,3550,-60.68129638,-31.51768274
PILATTI,ZONA URBANA,VERA Y PINTADO,SAN JUSTO,SANTA FE,3054,,
FILIPPA,INDEPEDENCIA 126,VIDELA,SAN JUSTO,SANTA FE,3048,-60.65594064,-30.94309084
MENAPACE,ANTONIO NOSEDA 871,VIDELA,SAN JUSTO,SANTA FE,3048,,
PICCO,AV. SAN MARTIN 299,VIDELA,SAN JUSTO,SANTA FE,3048,-60.65447242,-30.94484234
MARCONETTI,DR.ROMERO ACUÑA 114,VILA,CASTELLANOS,SANTA FE,2301,,
NOVARETTO,BELGRANO OESTE N 57,VILA,CASTELLANOS,SANTA FE,2301,-61.83390774,-31.19145655
LEANDRO PEZZ,ROSARIO,VILLA GUILLERMINA,GENERAL OBLIGADO,SANTA FE,3589,-59.45103743,-28.24564144
ANDRES PERIOTTI,SAN MARTÍN 1050,VILLA MINETTI,9 DE JULIO,SANTA FE,3061,-61.62328758,-28.62130955
DAGATTI,SARMIENTO 802,VILLA MINETTI,9 DE JULIO,SANTA FE,3061,-61.62633851,-28.62355866
PERIOTTI,AV. MINETTI SN,VILLA MINETTI,9 DE JULIO,SANTA FE,3061,-61.63268739,-28.62126171
FERRER,PADRE ANGEL TIBALDO 1300,VILLA OCAMPO,GENERAL OBLIGADO,SANTA FE,3580,-59.35421989,-28.48953558
FIANT,BV.SARMIENTO 1101,VILLA OCAMPO,GENERAL OBLIGADO,SANTA FE,3580,-59.35833701,-28.49183782
FONTANA,AV. SAN MARTIN 1582,VILLA OCAMPO,GENERAL OBLIGADO,SANTA FE,3580,-59.35524671,-28.48849381
GALIBERT GARRO,CASEROS 1598,VILLA OCAMPO,GENERAL OBLIGADO,SANTA FE,3580,-59.35542194,-28.49172027
GASTIAZORO,MENDOZA AV 4901,ROSARIO,ROSARIO,SANTA FE,2000,,
GUGLIELMINO,MENDOZA AV 1595,ROSARIO,ROSARIO,SANTA FE,2000,,
GUGLIOTTA,NTRA SRA DEL ROSARIO AV 1401,ROSARIO,ROSARIO,SANTA FE,2000,-60.65339441,-32.99998294
GINI,ROCA JULIO ARGENTINO PTE 2298,ROSARIO,ROSARIO,SANTA FE,2000,,
GARIS,Urquiza 1605,ROSARIO,ROSARIO,SANTA FE,2000,-60.644353,-32.9417777
GHEZZI,VIRASORO 1304,ROSARIO,ROSARIO,SANTA FE,2000,-60.64692797,-32.96939911
GONZALEZ LALLONI,ZEBALLOS ESTANISLAO 650,ROSARIO,ROSARIO,SANTA FE,2000,-60.63417711,-32.95620173
HANONO,1 DE MAYO 1698,ROSARIO,ROSARIO,SANTA FE,2000,-60.6324716,-32.9586196
HERNANDEZ,BAIGORRIA JUAN BAUTISTA 2131,ROSARIO,ROSARIO,SANTA FE,2000,,
HIPOLITO,OROO NICASIO BV 5397,ROSARIO,ROSARIO,SANTA FE,2000,,
HAMANN,ENTRE RIOS 3431,ROSARIO,ROSARIO,SANTA FE,2000,-60.64869976,-32.97665152
HAUPTMANN,PAZ J M 5467,ROSARIO,ROSARIO,SANTA FE,2000,-60.62723311,-32.99992454
HUGO CRESPO,GRANDOLI ABANDERADO 4707,ROSARIO,ROSARIO,SANTA FE,2000,-60.62868296,-32.99218346
HOMEOS,DE URQUIZA JUSTO JOSE 1802,ROSARIO,ROSARIO,SANTA FE,2000,,
IGLESIAS,AVELLANEDA BV 3215,ROSARIO,ROSARIO,SANTA FE,2000,-60.68634263,-32.96728302
ITALIA,CATAMARCA 1803,ROSARIO,ROSARIO,SANTA FE,2000,-60.6464647,-32.93885188
INGER,CORRIENTES AV 4201,ROSARIO,ROSARIO,SANTA FE,2000,-60.65232702,-32.98521262
IVARZ,MENDOZA AV 6255,ROSARIO,ROSARIO,SANTA FE,2000,,
ITALIANA,SE SAN MARTIN JOSE GRL AV 1902,ROSARIO,ROSARIO,SANTA FE,2000,,
INGLESA,SARMIENTO DOMINGO FAUSTINO PRES 641,ROSARIO,ROSARIO,SANTA FE,2000,,
IRIQUIN,URIBURU JOSE EVARISTO PRES AV 2380,ROSARIO,ROSARIO,SANTA FE,2000,,
MARIELA BENITEZ,9 DE JULIO 1473,VILLA OCAMPO,GENERAL OBLIGADO,SANTA FE,3580,-59.35298493,-28.48751962
PASTEUR,MORENO 1268,VILLA OCAMPO,GENERAL OBLIGADO,SANTA FE,3580,-59.35668513,-28.49004876
VICENTIN,JUAN BAUTISTA  ALBERDI 2055,VILLA OCAMPO,GENERAL OBLIGADO,SANTA FE,3580,,
GALLIANO,E. LOPEZ 202,VILLA TRINIDAD,SAN CRISTÓBAL,SANTA FE,2345,-61.87529102,-30.21080929
VIZGARRA,SARMIENTO 498,VILLA TRINIDAD,SAN CRISTÓBAL,SANTA FE,2345,-61.87710521,-30.21406561
GAIOTTI,HIPOLITO IRIGOYEN 637,ZENON PEREYRA,CASTELLANOS,SANTA FE,2409,-61.89598371,-31.56120759
GAMBA,SAN MARTIN 998,ZENON PEREYRA,CASTELLANOS,SANTA FE,2409,-61.90105217,-31.56338695
MUTUAL ASOSIACIÓN MUTUAL DE SERVICIOS PARA INTERNACIONES Y OPERACIONES (A.S.I.O),CALLE 12 351,AVELLANEDA,GENERAL OBLIGADO,SANTA FE,3561,-59.65838328,-29.11587191
MUTUAL ASOCIACIÓN MUTUAL INTERSINDICAL CERES (A.M.I.C.),AV PTE. PERÓN 336,CERES,SAN CRISTÓBAL,SANTA FE,2340,,
MUTUAL EMPLEADOS BANCARIOS DE SANTA FE (MEBAFE),SARMIENTO 2307,ESPERANZA,LAS COLONIAS,SANTA FE,3080,-60.93081038,-31.44691672
SINDICAL ATILRA,ESPERANZA 1984,FRANCK,LAS COLONIAS,SANTA FE,3009,-60.9372864,-31.58263097
MUTUAL -ARGUS SALUD,BARTOLOMÉ MITRE 357,GALVEZ,SAN JERÓNIMO,SANTA FE,2252,,
MUTUAL DE AYUDA  ENTRE ASOCIADOS Y ADHERENTES DEL CLUB RECREATIVO LAS PETACAS,CALLE 11 488,LAS PETACAS,SAN MARTÍN,SANTA FE,2451,-62.10907658,-31.82208778
MUTUAL REGIONAL -CENTRO CULTURAL Y DEPORTIVO RAMONA,ESTANISLAO LÓPEZ 138,RAMONA,CASTELLANOS,SANTA FE,2301,,
MUTUAL DE INTEGRANTES DEL PODER JUDICIAL -LAS TOSCAS-,CALLE 4 ENTRE 23 Y 25,LAS TOSCAS,GENERAL OBLIGADO,SANTA FE,3586,-59.26250893,-28.35165073
MUTUAL DE AYUDA ENTRE ASOCIADOS Y ADHERENTES DEL CLUB ATLÉTICO SUSANENSE,RIVADAVIA 852,MARIA SUSANA,SAN MARTÍN,SANTA FE,2527,-61.90153724,-32.26457038
FARMACIA SINDICAL A.T.I.L.R.A.,Maipú 101,RAFAELA,CASTELLANOS,SANTA FE,2300,-61.49234,-31.25066
CENTRO EMPLEADOS DE COMERCIO -RAFAELA-,GUEMES 176,RAFAELA,CASTELLANOS,SANTA FE,2300,-61.48701,-31.25175
MUTUAL BANCARIA,LEANDRO N. ALEM 339,RAFAELA,CASTELLANOS,SANTA FE,2300,-61.48682118,-31.24882487
FARMACIA ASOCIACION MUTUAL DE AYUDA ENTRE ASOCIADOS Y ADHERENTES DEL CLUB SPORTIVO BEN HUR,SARGENTO CABRAL 398,RAFAELA,CASTELLANOS,SANTA FE,2300,-61.48962,-31.25676
SINDICAL DEL SINDICATO DE MECÁNICOS Y AFINES DEL TRANSPORTE AUTOMOTOR (S.M.A.T.A.),LAMADRID 207,RAFAELA,CASTELLANOS,SANTA FE,2300,-61.49576596,-31.24992289
SINDICAL DE LA UNIÓN OBRERA METALÚRGICA (U.O.M.),ARENALES 352,RAFAELA,CASTELLANOS,SANTA FE,2300,-61.49304767,-31.24910743
MUTUAL DE EMPLEADOS BANCARIOS DE SANTA FE,PATRICIO DIEZ 1025,RECONQUISTA,GENERAL OBLIGADO,SANTA FE,3567,-59.6488901,-29.14389694
MUTUAL DE INTEGRANTES DEL PODER JUDICIAL,IRIONDO 741,RECONQUISTA,GENERAL OBLIGADO,SANTA FE,3567,-59.64586794,-29.14751632
MUTUAL DEL PERSONAL DEL GRUPO MÉDICO LAS COLONIAS,LISANDRO DE LA TORRE 461,EMPALME SAN CARLOS,LAS COLONIAS,SANTA FE,3007,,
MUTUAL DE INTEGRANTES DEL PODER JUDICIAL,CASEROS 1119,SAN CRISTOBAL,SAN CRISTÓBAL,SANTA FE,3070,-61.23362533,-30.31058887
MUTUAL DE AYUDA ENTRE ASOCIADOS Y ADHERENTES DEL CLUB ATLÉTICO SAN GENARO,UDINO GALETTO ESQ. LAVALLE,SAN GENARO,SAN JERÓNIMO,SANTA FE,2146,,
MUTUAL SAN GUILLERMO,MARIANO MORENO 103,SAN GUILLERMO,SAN CRISTÓBAL,SANTA FE,2347,,
ASOCIACIÓN DE OBRAS SOCIALES DE SAN JORGE,EVA PERÓN 1301,SAN JORGE,SAN MARTÍN,SANTA FE,2451,-61.85732676,-31.8955633
ASOCIACIÓN MUTUAL DE AYUDA ENTRE ASOCIADOS Y ADHERENTES DEL CLUB SPORTIVO SANTA CLARA,MORENO Y STA. CLARA DE ASIS,SANTA CLARA DE SAGUIER,CASTELLANOS,SANTA FE,2315,-61.81707814,-31.33679924
ASOCIACIÓN MUTUAL DE AFILIADOS A LA CAJA DE INGENIERÍA (A.M.A.C.I.),ZONA URBANA 1,SANTA FE,LA CAPITAL,SANTA FE,3000,,
MUTUAL ASOCIACIÓN MUTUALISTA DE EMPLEADOS PÚBLICOS,SAN JERÓNIMO 2833,SANTA FE,LA CAPITAL,SANTA FE,3000,-60.70693169,-31.64270967
MUTUAL AMUR,25 DE MAYO 2091,SANTA FE,LA CAPITAL,SANTA FE,3000,-60.70690154,-31.65174721
ASOCIACIÓN MUTUAL UNIÓN SOLIDARIA -A.M.U.S.-,RIVADAVIA 3076,SANTA FE,LA CAPITAL,SANTA FE,3000,-60.70255175,-31.64081428
SINDICAL ASOCIACIÓN DEL PERSONAL NO DOCENTE DE LA UNIVERSIDAD NACIONAL DEL LITORAL,1º DE MAYO 3164,SANTA FE,LA CAPITAL,SANTA FE,3000,,
MUTUAL DE EMPLEADOS BANCARIOS DE SANTA FE (ME.BA.FE),TUCUMAN 2653,SANTA FE,LA CAPITAL,SANTA FE,3000,-60.70740596,-31.64661819
CENTRO UNIÓN EMPLEADOS DE COMERCIO,SAN MARTÍN 2865,SANTA FE,LA CAPITAL,SANTA FE,3000,-60.70539429,-31.64259364
SINDICAL LUZ Y FUERZA,9 DE JULIO 2682,SANTA FE,LA CAPITAL,SANTA FE,3000,-60.708489,-31.644214
MUTUAL 12 DE MAYO,TUCUMAN 3189,SANTA FE,LA CAPITAL,SANTA FE,3000,-60.71416791,-31.64494412
MUTUAL JERÁRQUICOS SALUD,AVDA. FACUNDO ZUVIRÍA 4536,SANTA FE,LA CAPITAL,SANTA FE,3000,,
MUTUAL DE INTEGRANTES DEL PODER JUDICIAL,SAN MARTÍN 1732,SANTA FE,LA CAPITAL,SANTA FE,3000,-60.7092317,-31.65547208
OBRA SOCIAL O.S.P.L.A.D.,SALTA 2960,SANTA FE,LA CAPITAL,SANTA FE,3000,-60.71224977,-31.64931219
ASOCIACIÓN MUTUAL SANTO TOMÁS DE AQUINO,MORENO 1898,SANTO TOME,LA CAPITAL,SANTA FE,3016,-60.7657142,-31.66378397
SINDICAL DE LA ASOCIACIÓN SANTO TOMÉ EMPLEADOS Y OBREROS MUNICIPALES (A.S.T.E.O.M.),RIVADAVIA 2070,SANTO TOME,LA CAPITAL,SANTA FE,3016,-60.76406338,-31.66622355
MUTUAL VERDE,BELGRANO 2121,SANTO TOME,LA CAPITAL,SANTA FE,3016,-60.76100041,-31.66712865
OBRA SOCIAL A.T.I.L.R.A.,25 DE MAYO 69,SUNCHALES,CASTELLANOS,SANTA FE,2322,-61.56561444,-30.94508965
MUTUAL DE INTEGRANTES DEL PODER JUDICIAL -TOSTADO-,12 DE OCTUBRE 1390,TOSTADO,9 DE JULIO,SANTA FE,3060,-61.77013173,-29.23429987
ARROYITO,ALBERDI 423,ROSARIO,ROSARIO,SANTA FE,2000,-60.67210745,-32.93227965
AMIGO,GORRITI 299,ROSARIO,ROSARIO,SANTA FE,2000,-60.66748775,-32.92312273
AZAR,PERON JUAN DOMINGO PRES AV 6389,ROSARIO,ROSARIO,SANTA FE,2000,,
APOTEKA,PELLEGRINI CARLOS AV 1760,ROSARIO,ROSARIO,SANTA FE,2000,,
ARIAS,PELLEGRINI CARLOS AV 4099,ROSARIO,ROSARIO,SANTA FE,2000,,
FRANCHINI,MONTEVIDEO 4660,ROSARIO,ROSARIO,SANTA FE,2000,-60.68923534,-32.9474404
ENTRECONTI,LAGOS OVIDIO AV 5106,ROSARIO,ROSARIO,SANTA FE,2000,-60.67495156,-32.99796409
EMBON,TUCUMAN 1902,ROSARIO,ROSARIO,SANTA FE,2000,-60.64809945,-32.93979255
FORT,NTRA SRA DEL ROSARIO BIS AV 569,ROSARIO,ROSARIO,SANTA FE,2000,-60.61958172,-32.998468
FARMA 4,OROO NICASIO BV 2609,ROSARIO,ROSARIO,SANTA FE,2000,,
F. CERRUTTI,SEGUI JUAN FRANCISCO BV 372,ROSARIO,ROSARIO,SANTA FE,2000,,
FLAVIO ROSSI,DORREGO MANUEL 91,ROSARIO,ROSARIO,SANTA FE,2000,,
FERNANDEZ SAVIOLI,IRIGOYEN HIPOLITO AV 1407,ROSARIO,ROSARIO,SANTA FE,2000,,
FRONTONS,PASO JUAN JOSE 6045,ROSARIO,ROSARIO,SANTA FE,2000,,
FESSIA,MARTIN FIERRO 245,ROSARIO,ROSARIO,SANTA FE,2000,-60.68969842,-32.876391
AYACUCHO,AYACUCHO 5196,ROSARIO,ROSARIO,SANTA FE,2000,-60.63650906,-32.99737372
AIRES,BUENOS AIRES 2296,ROSARIO,ROSARIO,SANTA FE,2000,-60.63714803,-32.96511286
AGUILA,CAFFERATA 564,ROSARIO,ROSARIO,SANTA FE,2000,-60.67031645,-32.93783717
AURORA,CONSTITUCION 480,ROSARIO,ROSARIO,SANTA FE,2000,-60.67276923,-32.93637248
ABRIATA,CORDOBA 2999,ROSARIO,ROSARIO,SANTA FE,2000,-60.66417918,-32.94175967
ALQUIMIA,CORRIENTES AV 2670,ROSARIO,ROSARIO,SANTA FE,2000,-60.64790837,-32.9676841
AMAT,FUNES DEAN 5785,ROSARIO,ROSARIO,SANTA FE,2000,-60.70107811,-32.96716364
ARNESI,MOSCONI ENRIQUE GRL 3735,ROSARIO,ROSARIO,SANTA FE,2000,,
AGOSTI,GUEMES 2141,ROSARIO,ROSARIO,SANTA FE,2000,-60.64981378,-32.93337987
AGUIRRE,GUEMES 2098,ROSARIO,ROSARIO,SANTA FE,2000,-60.64929782,-32.93347497
ABRUZZO,IRIONDO 2998,ROSARIO,ROSARIO,SANTA FE,2000,-60.67611444,-32.96655437
ATLANTICA,MAIPU 1498,ROSARIO,ROSARIO,SANTA FE,2000,-60.63753411,-32.95551355
ANTARTIDA,MENDOZA AV 7702,ROSARIO,ROSARIO,SANTA FE,2000,,
AVILA,MENDOZA AV 3762,ROSARIO,ROSARIO,SANTA FE,2000,,
JELUSICH,BUENOS AIRES 1612,ROSARIO,ROSARIO,SANTA FE,2000,-60.6351809,-32.95723713
KLEES,MENDOZA AV 2599,ROSARIO,ROSARIO,SANTA FE,2000,,
KENNEDY,LAGOS OVIDIO AV 2598,ROSARIO,ROSARIO,SANTA FE,2000,-60.66665115,-32.96337279
KNOBEL,SARMIENTO DOMINGO FAUSTINO PRES 4590,ROSARIO,ROSARIO,SANTA FE,2000,,
LOPEZ TEMPORELLI,ARIJON AV 494,ROSARIO,ROSARIO,SANTA FE,2000,-60.64011801,-33.00274415
LAFRANCHI,PELLEGRINI CARLOS AV 1909,ROSARIO,ROSARIO,SANTA FE,2000,,
LURASCHI,PELLEGRINI CARLOS AV 3995,ROSARIO,ROSARIO,SANTA FE,2000,,
LOMBARTE,URIBURU JOSE EVARISTO PRES AV 2576,ROSARIO,ROSARIO,SANTA FE,2000,,
LA FE,AVELLANEDA 1199,ROSARIO,ROSARIO,SANTA FE,2000,-60.6803608,-32.9441948
LEYENDEKER,AYOLAS 396,ROSARIO,ROSARIO,SANTA FE,2000,-60.63591107,-32.978547
LAURA GOMEZ,RONDEAU BV 125,ROSARIO,ROSARIO,SANTA FE,2000,-60.68665378,-32.9140885
LA CAPITAL,CORRIENTES AV 1402,ROSARIO,ROSARIO,SANTA FE,2000,-60.64422806,-32.95309561
LA SALUD,CORRIENTES AV 2198,ROSARIO,ROSARIO,SANTA FE,2000,-60.6465295,-32.96225682
LAMBAS,IRIONDO 1820,ROSARIO,ROSARIO,SANTA FE,2000,-60.67270924,-32.95302843
LAPRIDA,Laprida 1401,ROSARIO,ROSARIO,SANTA FE,2000,-60.6359,-32.954733
LUCARINI,MACIEL COSME 881,ROSARIO,ROSARIO,SANTA FE,2000,,
LOURDES,MENDOZA AV 2354,ROSARIO,ROSARIO,SANTA FE,2000,,
LAURINO,MORENO MARIANO 4497,ROSARIO,ROSARIO,SANTA FE,2000,,
ANTONIOTTI,PARAGUAY 1609,ROSARIO,ROSARIO,SANTA FE,2000,-60.64621312,-32.95522648
ALEMANA,RIOBAMBA 1814,ROSARIO,ROSARIO,SANTA FE,2000,-60.65224953,-32.96123332
COLON,DE URQUIZA JUSTO JOSE 2147,ROSARIO,ROSARIO,SANTA FE,2000,,
DEL ALTO,LAMAS INTENDENTE 270,ROSARIO,ROSARIO,SANTA FE,2000,-60.69261619,-32.91117231
DE GIORGIO,RONDEAU BV 711,ROSARIO,ROSARIO,SANTA FE,2000,-60.68833538,-32.90848268
DEL LEON,CORDOBA 1704,ROSARIO,ROSARIO,SANTA FE,2000,-60.64657611,-32.94491692
DEL SIGLO,CORDOBA 1469,ROSARIO,ROSARIO,SANTA FE,2000,-60.64332206,-32.94549389
BERTOLIN,URQUIZA 1067,SANTA FE,LA CAPITAL,SANTA FE,3000,-60.7179726,-31.6616541
ARISTIDES,RIOBAMBA 99,ROSARIO,ROSARIO,SANTA FE,2000,-60.62835914,-32.96551437
FARMACIA COSTAMAGNA,MORENO 103,HUMBERTO PRIMO,CASTELLANOS,SANTA FE,2309,-61.34621132,-30.86712929
FARMACIA WELSCHEN,BUENOS AIRES 103,HUMBERTO PRIMO,CASTELLANOS,SANTA FE,2309,-58.36723576,-34.62017672
BONETTI,AV.LIBERTAD 2151,HUMBOLDT,LAS COLONIAS,SANTA FE,3081,-61.0836015,-31.40070036
KINEN,25 DE MAYO 1945,HUMBOLDT,LAS COLONIAS,SANTA FE,3081,-61.08294893,-31.39476161
MARIN,ALDO BUSTOS 2138,HUMBOLDT,LAS COLONIAS,SANTA FE,3081,-61.08417807,-31.40238099
SIGRIST,AVDA.BECK-HERZOG 1518,HUMBOLDT,LAS COLONIAS,SANTA FE,3081,,
PYSZNIAK,CALLE 17 376,LAS TOSCAS,GENERAL OBLIGADO,SANTA FE,3586,-59.25909333,-28.35543059
CAMUSSO,4 DE ENERO 1594,SANTA FE,LA CAPITAL,SANTA FE,3000,-60.714852,-31.656291
RINESI,CALLE 10 Y 15,LAS TOSCAS,GENERAL OBLIGADO,SANTA FE,3586,-59.25881601,-28.35653235
WEDER,M. MORENO 2143,HUMBOLDT,LAS COLONIAS,SANTA FE,3081,,
RUBIES,URQUIZA 441,IRIGOYEN,SAN JERÓNIMO,SANTA FE,2248,-61.10885031,-32.1588474
DALLIA,2 DE ABRIL 510,LA CRIOLLA,SAN JUSTO,SANTA FE,3052,-60.36726923,-30.22479569
DODORICO,SANTA FE 397,LA CRIOLLA,SAN JUSTO,SANTA FE,3052,-60.36572955,-30.22426635
STRADA,ESTANISLAO LOPEZ 423,LA CRIOLLA,SAN JUSTO,SANTA FE,3052,,
TESOLIN,SAN MARTIN S N,LA PELADA,LAS COLONIAS,SANTA FE,3027,-60.97547224,-30.86437248
CUELLO,SARMIENTO 1103,LAGUNA PAIVA,LA CAPITAL,SANTA FE,3020,-60.65920865,-31.30423936
DIAZ,CARLOS PELLEGRINI 2490,LAGUNA PAIVA,LA CAPITAL,SANTA FE,3020,,
PIERINI,MAIPU 2303,LAGUNA PAIVA,LA CAPITAL,SANTA FE,3020,-60.66058226,-31.30659843
VELTRI,AV. SAN MARTIN 1298,LAGUNA PAIVA,LA CAPITAL,SANTA FE,3020,-60.66185718,-31.30791659
ZUAZQUITA,SAN MARTIN 1129,LAGUNA PAIVA,LA CAPITAL,SANTA FE,3020,-60.65974627,-31.30802091
MARY,LISANDRO DE LA TORRE 864,LANDETA,SAN MARTÍN,SANTA FE,2531,-62.06195305,-32.01361055
PEARSON,MORENO 93,LANDETA,SAN MARTÍN,SANTA FE,2531,-62.06020657,-32.01251723
SANDRIGO,SAN MARTIN S,LANTERI,GENERAL OBLIGADO,SANTA FE,3575,,
NADALICH,VICENTE CASARES Y GRAL LOPEZ,LAS GARZAS,GENERAL OBLIGADO,SANTA FE,3574,,
OLMOS,CALLE 14 NRO. 341,LAS PETACAS,SAN MARTÍN,SANTA FE,2451,-62.10824589,-31.82340487
CURTI,CALLE 21 193,LAS TOSCAS,GENERAL OBLIGADO,SANTA FE,3586,-59.26133937,-28.3532622
SNAIDER,CALLE 21 50,LAS TOSCAS,GENERAL OBLIGADO,SANTA FE,3586,-59.2631324,-28.35327825
CAPRA,4 DE ENERO 1301,SANTA FE,LA CAPITAL,SANTA FE,3000,-60.71594,-31.65923
PETTINA,SARMIENTO 1701,MALABRIGO,GENERAL OBLIGADO,SANTA FE,3572,-59.96890504,-29.34616803
POET,SAN LORENZO 761,EL TREBOL,SAN MARTÍN,SANTA FE,2535,-61.70391612,-32.20282756
RACCA,SANTA FE 598,EL TREBOL,SAN MARTÍN,SANTA FE,2535,-61.70517349,-32.2021585
FARMACIA LEONARDINI,MARAGNANI 65,LEHMANN,CASTELLANOS,SANTA FE,2305,-61.45103943,-31.12459013
FARMACIA SAPINO,AV RIVADAVIA 137,LEHMANN,CASTELLANOS,SANTA FE,2305,-61.45092263,-31.12510954
BARCAROLO,GRAL PAZ 174 - LOCAL 1,LLAMBI CAMPBELL,LA CAPITAL,SANTA FE,3036,,
MAITRE,DR. TAGLIARI 459,LLAMBI CAMPBELL,LA CAPITAL,SANTA FE,3036,-60.74742631,-31.18531559
SANTA TERESITA,SAN MARTIN Y MITRE 305,LLAMBI CAMPBELL,LA CAPITAL,SANTA FE,3036,,
BORGHETTI,AVENIDA LOPEZ 1677,LOPEZ,SAN JERÓNIMO,SANTA FE,2255,,
INVERNIZZI,ITALIA 380,LOS CARDOS,SAN MARTÍN,SANTA FE,2533,-61.10077331,-31.72397122
VERON,MENDOZA 501,MACIEL,SAN JERÓNIMO,SANTA FE,2208,-60.89197866,-32.45616254
ZELAYA,CORDOBA 744,MACIEL,SAN JERÓNIMO,SANTA FE,2208,-60.88836585,-32.45682176
CENTIS,SILVESTRE BEGNIS 982,MALABRIGO,GENERAL OBLIGADO,SANTA FE,3572,-59.96915144,-29.35364825
GARCIA,SAN MARTIN 1435,MALABRIGO,GENERAL OBLIGADO,SANTA FE,3572,-59.96827481,-29.34917217
PREZ,AVDA.SIGEL 604,MALABRIGO,GENERAL OBLIGADO,SANTA FE,3572,,
SALPIETRO,SPONTON 998,MALABRIGO,GENERAL OBLIGADO,SANTA FE,3572,-59.97100154,-29.35025735
BUSALINO,MAIPU 401,MARCELINO ESCALADA,SAN JUSTO,SANTA FE,3042,-60.46704598,-30.57910096
JUNCOS GOMES,GRAL. LOPEZ Y BELGRANO,MARGARITA,VERA,SANTA FE,3056,,
ULRICH,COLON 2101,MARGARITA,VERA,SANTA FE,3056,-60.25190949,-29.68933431
WOZNIAK,SAN MARTÍN 1804,MARGARITA,VERA,SANTA FE,3056,-60.25344058,-29.69239537
FARMACIA CASTELLANO,9 DE JULIO 266,MARIA JUANA,CASTELLANOS,SANTA FE,2445,-61.75211403,-31.67767564
FARMACIA CORNALIS,CORDOBA 414,MARIA JUANA,CASTELLANOS,SANTA FE,2445,-61.75910143,-31.6748355
FARMACIA DALMASSO,DR. A. GIRALDEZ 444,MARIA JUANA,CASTELLANOS,SANTA FE,2445,-61.75027916,-31.6760384
BELGRANO,RIVADAVIA 3237,SANTA FE,LA CAPITAL,SANTA FE,3000,-60.7022265,-31.6390017
TRIVISONNO,SANTA FE 882,EL TREBOL,SAN MARTÍN,SANTA FE,2535,-61.70141494,-32.20280108
VENTURI,AV. LIBERTAD 9,EL TREBOL,SAN MARTÍN,SANTA FE,2535,,
DRIUSSI,ESTANISLAO LOPEZ 412,ELISA,LAS COLONIAS,SANTA FE,3029,,
FARMACIA PAGLIERO,MITRE Y SARMIENTO,MARIA JUANA,CASTELLANOS,SANTA FE,2445,-61.75321693,-31.67563417
CARGNELLO,MALVINAS ARGENTINAS S,MARIA LUISA,LAS COLONIAS,SANTA FE,3025,,
COSATTO,RIVADAVIA 897,MARIA SUSANA,SAN MARTÍN,SANTA FE,2527,-61.90128589,-32.26501713
GUARDATTI,AV. CENTENARIO 916,MARIA SUSANA,SAN MARTÍN,SANTA FE,2527,,
ORTIZ,RIVADAVIA 1011,MARIA SUSANA,SAN MARTÍN,SANTA FE,2527,-61.90066747,-32.26611476
TERNAVASIO,AV. PABLO RECAGNO 597,MARIA SUSANA,SAN MARTÍN,SANTA FE,2527,,
NAVARRO,RIVADAVIA 236,MOISES VILLE,SAN CRISTÓBAL,SANTA FE,2313,-61.4712015,-30.71447958
ROTEMBERG,25 DE MAYO 136,MOISES VILLE,SAN CRISTÓBAL,SANTA FE,2313,-61.46925914,-30.71521552
LORENZATTI,FCO. B. CAMINOS 691,MONJE,SAN JERÓNIMO,SANTA FE,2212,,
SPEZIA,SAN MARTIN 563,MONJE,SAN JERÓNIMO,SANTA FE,2212,-60.9420535,-32.3572885
BUIGUEZ,J. BALDACCINI 6116,MONTE VERA,LA CAPITAL,SANTA FE,3014,,
MONTIBELLI,SAN MARTIN 5835,MONTE VERA,LA CAPITAL,SANTA FE,3014,-60.68124754,-31.51753882
TURIELLA,SANTA FE 1144,MONTE VERA,LA CAPITAL,SANTA FE,3014,,
GROPPO,SAN MARTIN 161,NELSON,LA CAPITAL,SANTA FE,3032,-60.75990269,-31.26612372
FARMACIA SCOTTA,25 DE MAYO 993,NELSON,LA CAPITAL,SANTA FE,3032,-60.708696,-31.6582526
GAZZERA,AVDA. JUAN BUSTINZA 1456,PIAMONTE,SAN MARTÍN,SANTA FE,2529,,
SAGLIONE,AV. JULIAN BUSTINZA 1201,PIAMONTE,SAN MARTÍN,SANTA FE,2529,,
SAN ANTONIO,URQUIZA 1301,PIAMONTE,SAN MARTÍN,SANTA FE,2529,-61.98149803,-32.14095057
KARLEN,SAN MARTIN 1450,PILAR,LAS COLONIAS,SANTA FE,3085,-61.25903114,-31.4381302
POLONI,LEHMANN 1255,PILAR,LAS COLONIAS,SANTA FE,3085,-61.2604901,-31.44080923
VALENTINI,LOS COLONIZADORES 1264,PILAR,LAS COLONIAS,SANTA FE,3085,-61.25892248,-31.44101684
IÑIGUEZ,F. PAUCKE Y GRAL. ROCA,POZO BORRADO,9 DE JULIO,SANTA FE,3061,,
ACOSTA,SUIPACHA 2506,SANTA FE,LA CAPITAL,SANTA FE,3000,-60.70402533,-31.64015389
ALEJANDRO SENN,4 DE ENERO 2599,SANTA FE,LA CAPITAL,SANTA FE,3000,-60.71124852,-31.64447878
AMHERDT,SAAVEDRA 2499,SANTA FE,LA CAPITAL,SANTA FE,3000,-60.7157129,-31.644713
ARGENTI,SAN JERONIMO 1801,SANTA FE,LA CAPITAL,SANTA FE,3000,-60.7103712,-31.6544699
ARMANDO,25 DE MAYO 3441,SANTA FE,LA CAPITAL,SANTA FE,3000,-60.70269227,-31.63650132
ARRIMADA,MARCIAL CANDIOTI 3298,SANTA FE,LA CAPITAL,SANTA FE,3000,-60.695982,-31.63926
AZANZA,SAN MARTN 2983,SANTA FE,LA CAPITAL,SANTA FE,3000,-60.70513442,-31.64139041
BANCHIO,IRIGOYEN FREYRE 2200,SANTA FE,LA CAPITAL,SANTA FE,3000,-60.7011044,-31.64413398
BARRIENTOS,9 DE JULIO 2198,SANTA FE,LA CAPITAL,SANTA FE,3000,-60.71022391,-31.6495113
MILESI,BV. SAN FRANCISCO 237,ELISA,LAS COLONIAS,SANTA FE,3029,-61.04849305,-30.69663308
BARCAROLO,HIPOLITO IRIGOYEN 223,EMILIA,LA CAPITAL,SANTA FE,3036,-60.74413347,-31.05679488
NOSEDA,GOBERNADOR MARIANO CABAL S,EMILIA,LA CAPITAL,SANTA FE,3036,,
FARMACIA SALAROGLIO,BRIGADIER LOPEZ S/N,ESMERALDA,CASTELLANOS,SANTA FE,2456,-61.93273887,-31.61862205
ALTHAUS,SARMIENTO 2780,ESPERANZA,LAS COLONIAS,SANTA FE,3080,-60.92958919,-31.44284364
FARMACIA BARRIOS,SIMON DE IRIONDO 3043,ESPERANZA,LAS COLONIAS,SANTA FE,3080,-60.9279347,-31.4408812
BORGOGNO,LEHMANN 2307,ESPERANZA,LAS COLONIAS,SANTA FE,3080,-60.93825007,-31.44896889
CLAUDIA SCHNEIDER,AV.LOS COLONIZADORES 957,ESPERANZA,LAS COLONIAS,SANTA FE,3080,-60.9246777,-31.45030054
FAVARIN,SARMIENTO 1302,ESPERANZA,LAS COLONIAS,SANTA FE,3080,-60.93341099,-31.45545086
CALIANI,MANUEL BELGRANO NRO. 2,PROGRESO,LAS COLONIAS,SANTA FE,3023,,
STESSENS,AV. 7 DE MARZO 1884,SANTO TOME,LA CAPITAL,SANTA FE,3016,-60.76081306,-31.66680564
TERENZI,BELGRANO 3018,SANTO TOME,LA CAPITAL,SANTA FE,3016,-60.76304618,-31.67606853
VILLATA,AV. LUJAN 2979,SANTO TOME,LA CAPITAL,SANTA FE,3016,-60.77051454,-31.67485509
ZIMMERMANN,MARIANO CANDIOTTI 3226,SANTO TOME,LA CAPITAL,SANTA FE,3016,,
GAZANO,9 DE JULIO 1259,SARMIENTO,LAS COLONIAS,SANTA FE,3023,-61.16877388,-31.05823012
VAN STRATE,JOSE LAMY 1360,SARMIENTO,LAS COLONIAS,SANTA FE,3023,-61.1658943,-31.05825714
BOSSIO,N. ORONO 1591,SASTRE,SAN MARTÍN,SANTA FE,2440,,
IOVALDI,SAN MARTIN 1901,SASTRE,SAN MARTÍN,SANTA FE,2440,-61.83001709,-31.76734524
NOVASIO,AV.GRAL. LOPEZ 1675,SASTRE,SAN MARTÍN,SANTA FE,2440,-61.82754525,-31.76775938
OLIVERO,AV. SAN MARTIN 2093,SASTRE,SAN MARTÍN,SANTA FE,2440,-61.83208645,-31.76698764
ROGGIO,ITALIA 2091,SASTRE,SAN MARTÍN,SANTA FE,2440,-61.832705,-31.76971445
SEVESO,J.A ROCA 1786,SASTRE,SAN MARTÍN,SANTA FE,2440,,
SALUZZO,1RO. DE MAYO 150,SOLEDAD,SAN CRISTÓBAL,SANTA FE,2347,,
CARIGNANO,SAN MARTIN 693,SUARDI,SAN CRISTÓBAL,SANTA FE,2349,-61.95689247,-30.53521003
CAVALLO,CLEMENTE ZAVALETA 265,SUARDI,SAN CRISTÓBAL,SANTA FE,2349,-61.96251765,-30.53238796
FLORES,9 DE JULIO 483,SUARDI,SAN CRISTÓBAL,SANTA FE,2349,-61.96195867,-30.53530022
GERLERO,J. BARGELLINI 592,SUARDI,SAN CRISTÓBAL,SANTA FE,2349,,
NARI,9 DE JULIO 635,SUARDI,SAN CRISTÓBAL,SANTA FE,2349,-61.96236417,-30.53695888
PIEMONTESA,BV.SAN MARTIN 254,SUARDI,SAN CRISTÓBAL,SANTA FE,2349,-61.96227548,-30.53424797
FARMACIA AIRASCA,AV. IRIGOYEN 1180,SUNCHALES,CASTELLANOS,SANTA FE,2322,-61.55355334,-30.94350507
ANDRES ROBLEDO,L. ALEM 407,SUNCHALES,CASTELLANOS,SANTA FE,2322,-61.5609476,-30.9479091
ASTESANA,J.B.V. MITRI 346,SUNCHALES,CASTELLANOS,SANTA FE,2322,,
BONAZZOLA,Av. Gdor. Freyre 2298,SANTA FE,LA CAPITAL,SANTA FE,3000,-60.71849585,-31.6463249
BONAZZOLA ESTEFANIA,Avenida Aristóbulo del Valle 5118,SANTA FE,LA CAPITAL,SANTA FE,3000,-60.698659,-31.6207662
BORDIGNON,SUIPACHA 2310,SANTA FE,LA CAPITAL,SANTA FE,3000,-60.701606,-31.640704
BOSCH,SANTIAGO DEL ESTERO 2764,SANTA FE,LA CAPITAL,SANTA FE,3000,-60.706107,-31.637287
BOURDIN,ALBERDI 3500,SANTA FE,LA CAPITAL,SANTA FE,3000,-60.69208682,-31.63777442
BRAMBILLA,ESTANISLAO ZEBALLOS 3731,SANTA FE,LA CAPITAL,SANTA FE,3000,-60.70917249,-31.60238358
BRUNO,Av. Gral. Paz 5550,SANTA FE,LA CAPITAL,SANTA FE,3000,-60.68514794,-31.61956564
BURGUES ROMANO,BLAS PARERA 7001,SANTA FE,LA CAPITAL,SANTA FE,3000,-60.72270289,-31.59742619
JUDITH ACEVEDO,ARISTBULO DEL VALLE 9284,SANTA FE,LA CAPITAL,SANTA FE,3000,-60.68956554,-31.58202461
CAMILATTO,ESTANISLAO ZEBALLOS 2702,SANTA FE,LA CAPITAL,SANTA FE,3000,-60.695903,-31.605073
CARABALLO,DIAGONAL GOYENA 3460,SANTA FE,LA CAPITAL,SANTA FE,3000,-60.709311,-31.615601
CARDOSO,Avenida Gobernador Freyre 2668,SANTA FE,LA CAPITAL,SANTA FE,3000,-60.71746588,-31.64268856
CHELINI,Avenida Facundo Zuviría 4679,SANTA FE,LA CAPITAL,SANTA FE,3000,-60.7054516,-31.6237533
CHEMES,URQUIZA 2179,SANTA FE,LA CAPITAL,SANTA FE,3000,-60.714218,-31.6492832
CLAVE,Av. Gral. Paz 4369,SANTA FE,LA CAPITAL,SANTA FE,3000,-60.69271982,-31.62959884
CONIGLIO,FACUNDO ZUVIRIA 5918,SANTA FE,LA CAPITAL,SANTA FE,3000,-60.7045715,-31.61176
COSTA,Avenida Blas Parera 5691,SANTA FE,LA CAPITAL,SANTA FE,3000,-60.7189163,-31.611037
COSTA SAMITA,AV. ARISTOBULO DEL VALLE 6378,SANTA FE,LA CAPITAL,SANTA FE,3000,-60.693987,-31.609763
DAMIANI,URQUIZA 3180,SANTA FE,LA CAPITAL,SANTA FE,3000,-60.7107239,-31.6377861
DONADIO,JAVIER DE LA ROSA 322,SANTA FE,LA CAPITAL,SANTA FE,3000,-60.66811189,-31.60440416
FORTI,GUEMES 595,ESPERANZA,LAS COLONIAS,SANTA FE,3080,-60.92177373,-31.45540263
FUENTES,MORENO 742,ESPERANZA,LAS COLONIAS,SANTA FE,3080,-60.93578752,-31.45990822
GAMBOA,BELGRANO 2324,ESPERANZA,LAS COLONIAS,SANTA FE,3080,-60.92877785,-31.44720893
HILAS,HNO LINO TERFORD 2957,ESPERANZA,LAS COLONIAS,SANTA FE,3080,,
LIMACHE,AV.CORDOBA 1624,ESPERANZA,LAS COLONIAS,SANTA FE,3080,-60.93161311,-31.4487149
LONGONI,SAAVEDRA 1806,ESPERANZA,LAS COLONIAS,SANTA FE,3080,-60.93664159,-31.45018371
MORELLI,Rivadavia 2002,ESPERANZA,LAS COLONIAS,SANTA FE,3080,-60.92852622,-31.45019276
PERIN,CORDOBA Y LAVALLE,ESPERANZA,LAS COLONIAS,SANTA FE,3080,-60.93410262,-31.4480542
PIERUCCIONI,BALCARCE 1605,ESPERANZA,LAS COLONIAS,SANTA FE,3080,-60.93422141,-31.45796234
SAD,SARMIENTO 2041,ESPERANZA,LAS COLONIAS,SANTA FE,3080,-60.93151873,-31.44921539
SAUGY,AV.LOS COLONIZADORES 9,ESPERANZA,LAS COLONIAS,SANTA FE,3080,-60.91206927,-31.45339159
FARMACIA SCHNEIDER SERGIO,Avenida Córdoba 2251,ESPERANZA,LAS COLONIAS,SANTA FE,3080,-60.9372001,-31.447283
TKACZYK,1  DE MAYO 2006,ESPERANZA,LAS COLONIAS,SANTA FE,3080,-60.92315353,-31.45136532
ZEHNDER,CULLEN 1332,ESPERANZA,LAS COLONIAS,SANTA FE,3080,-60.92973651,-31.45268528
ZUQUELI,AUFRANC 1447,ESPERANZA,LAS COLONIAS,SANTA FE,3080,-60.92803913,-31.44302766
FARMACIA FRANK,LAS HERAS 268,EUSEBIA Y CAROLINA,CASTELLANOS,SANTA FE,2317,-61.85618634,-30.94610379
CORRENTI,E. SENN 374,FELICIA,LAS COLONIAS,SANTA FE,3087,-61.21147558,-31.24353603
FELICIA,PEDRO PALACIOS 584,FELICIA,LAS COLONIAS,SANTA FE,3087,,
KAREN GIMENEZ,SAN MARTIN 501,FLORENCIA,GENERAL OBLIGADO,SANTA FE,3516,-59.21970989,-28.04010209
PERESON,GENERAL OBLIGADO 702,FLORENCIA,GENERAL OBLIGADO,SANTA FE,3516,,
FARMACIA SERRA,FALUCHO 1325,RAFAELA,CASTELLANOS,SANTA FE,2300,-61.50766209,-31.25496527
FARMACIA SIMONCINI,AV.ARISTOBULO DEL VALLE 132,RAFAELA,CASTELLANOS,SANTA FE,2300,-61.49168478,-31.25723956
FARMACIA SUDANO,COLON 54,RAFAELA,CASTELLANOS,SANTA FE,2300,-61.4930673,-31.25282501
FARMACIA TIBALDI,E. SALVA 317,RAFAELA,CASTELLANOS,SANTA FE,2300,-61.49287966,-31.24263785
FARMACIA TURINO,ESPAÑA 1135,RAFAELA,CASTELLANOS,SANTA FE,2300,-61.47452345,-31.2454041
FARMACIA WALTER,SARMIENTO 110,RAFAELA,CASTELLANOS,SANTA FE,2300,-61.49004385,-31.25086235
MOINE,9 DE JULIO Y MITRE,RAMONA,CASTELLANOS,SANTA FE,2301,-61.90354175,-31.0905782
ABRAHAN,BOULEVARD PERON 1896,RECONQUISTA,GENERAL OBLIGADO,SANTA FE,3567,-59.66142934,-29.15411937
AGUSTINI,H. IRIGOYEN 476,RECONQUISTA,GENERAL OBLIGADO,SANTA FE,3567,,
ARAMBURU,H.IRIGOYEN 1302,RECONQUISTA,GENERAL OBLIGADO,SANTA FE,3567,,
ALAL,ITURRASPE 676,RECONQUISTA,GENERAL OBLIGADO,SANTA FE,3567,-59.64447205,-29.14328358
ARAYA,MALVINAS ARGENTINAS 1405,RECONQUISTA,GENERAL OBLIGADO,SANTA FE,3567,,
BALLARIO,PATRICIO DIEZ 217,RECONQUISTA,GENERAL OBLIGADO,SANTA FE,3567,-59.63896153,-29.14497328
BANDEO,HABEGGER 1260,RECONQUISTA,GENERAL OBLIGADO,SANTA FE,3567,-59.65208569,-29.14574329
BARRIO CHAPERO,JESUSA CHAPERO 1920,RECONQUISTA,GENERAL OBLIGADO,SANTA FE,3567,-59.64907865,-29.15688912
BOURNISSENT,ALVEAR 1352,RECONQUISTA,GENERAL OBLIGADO,SANTA FE,3567,-59.65260152,-29.14132216
BUNCHICH,BV. LOVATO 1131,RECONQUISTA,GENERAL OBLIGADO,SANTA FE,3567,-59.65167928,-29.1553463
CASTILLO,BELGRANO 1486,RECONQUISTA,GENERAL OBLIGADO,SANTA FE,3567,-59.64730366,-29.15267917
CESPEDES,MITRE 498,RECONQUISTA,GENERAL OBLIGADO,SANTA FE,3567,-59.64260865,-29.14568319
CIAN,JORGE NEWBERY 502,RECONQUISTA,GENERAL OBLIGADO,SANTA FE,3567,-59.64368197,-29.15322564
CORTI,ALESSIO 1502,RECONQUISTA,GENERAL OBLIGADO,SANTA FE,3567,-59.65100048,-29.15245345
CUCIT,CALLE 47 1784,RECONQUISTA,GENERAL OBLIGADO,SANTA FE,3567,-59.66073226,-29.16006708
DEAN,ALVEAR 1896,RECONQUISTA,GENERAL OBLIGADO,SANTA FE,3567,-59.65955521,-29.14057871
DEGIUSTI,GOBERNADOR FREYRE 1302,RECONQUISTA,GENERAL OBLIGADO,SANTA FE,3567,-59.65319944,-29.14998057
ESTERKIN,SAN JERONIMO 1995,SANTA FE,LA CAPITAL,SANTA FE,3000,-60.70975721,-31.65242302
FACINO,ESPAÑA 3170,SANTA FE,LA CAPITAL,SANTA FE,3000,-60.7001608,-31.6399445
FERRO,FRANCIA 2998,SANTA FE,LA CAPITAL,SANTA FE,3000,-60.71271837,-31.63972458
FINELLI,Las Heras 7304,SANTA FE,LA CAPITAL,SANTA FE,3000,-60.68730712,-31.60211287
FUCKSMANN,SAAVEDRA 3081,SANTA FE,LA CAPITAL,SANTA FE,3000,-60.71388,-31.638324
GABRIEL JAUREGUI,Echagüe 7254,SANTA FE,LA CAPITAL,SANTA FE,3000,-60.670513,-31.606359
GARCIA,RIVADAVIA 3193,SANTA FE,LA CAPITAL,SANTA FE,3000,-60.702277,-31.639541
GERMAN LOPEZ,Av. Gral. Paz 5201,SANTA FE,LA CAPITAL,SANTA FE,3000,-60.68756998,-31.62232927
GIMENEZ,URQUIZA 2332,SANTA FE,LA CAPITAL,SANTA FE,3000,-60.7134045,-31.6470905
GIULIONI,GOROSTIAGA 3038,SANTA FE,LA CAPITAL,SANTA FE,3000,-60.7021061,-31.6105244
GOMEZ,Avenida Ángel V. Peñaloza 6839,SANTA FE,LA CAPITAL,SANTA FE,3000,-60.7128638,-31.6011338
GOTTERO,SAN MARTIN 2699,SANTA FE,LA CAPITAL,SANTA FE,3000,-60.7060219,-31.64456598
IGNACIO AZANZA,Avenida López y Planes 3901,SANTA FE,LA CAPITAL,SANTA FE,3000,-60.714074,-31.629249
IMHOF,MARCIAL CANDIOTTI 2796,SANTA FE,LA CAPITAL,SANTA FE,3000,-60.6972001,-31.6435185
IMOBERDORF,Avenida Blas Parera 6751,SANTA FE,LA CAPITAL,SANTA FE,3000,-60.721929,-31.600063
IMVINKELRIED,LAVALLE 4201,SANTA FE,LA CAPITAL,SANTA FE,3000,-60.68836,-31.631791
JUNGES,GUEMES 3701,SANTA FE,LA CAPITAL,SANTA FE,3000,-60.68859458,-31.6365664
LABATH,Santiago del Estero 3142,SANTA FE,LA CAPITAL,SANTA FE,3000,-60.711063,-31.6362118
LEIVA,LA RIOJA 2511,SANTA FE,LA CAPITAL,SANTA FE,3000,-60.70568167,-31.64580605
LENCINAS,BALCARCE 2384,SANTA FE,LA CAPITAL,SANTA FE,3000,-60.70127609,-31.63732218
LILIANA MARTINEZ,BELGRANO 6503,SANTA FE,LA CAPITAL,SANTA FE,3000,-60.69062886,-31.60915905
LONG,ARISTOBULO DEL VALLE 4026,SANTA FE,LA CAPITAL,SANTA FE,3000,-60.70110879,-31.63084909
LOPEZ,AV. LOPEZ Y PLANES 4267,SANTA FE,LA CAPITAL,SANTA FE,3000,-60.71369435,-31.62536182
GRAZIOLI,MENDOZA 1145,SAN JERONIMO NORTE,LAS COLONIAS,SANTA FE,3011,-61.07121746,-31.54701702
JULLIER,SAN MARTIN 476,SAN JERONIMO NORTE,LAS COLONIAS,SANTA FE,3011,-61.07752845,-31.55369385
KESTLER,1 DE MAYO 302,SAN JERONIMO NORTE,LAS COLONIAS,SANTA FE,3011,-61.07650701,-31.55491825
ACTIS ALESINA,URQUIZA 1473,SAN JORGE,SAN MARTÍN,SANTA FE,2451,-61.85587211,-31.89417982
ANGELINETTA,ALBERDI 1121,SAN JORGE,SAN MARTÍN,SANTA FE,2451,-61.85566402,-31.89684449
BRACCO,25 DE MAYO 1632,SAN JORGE,SAN MARTÍN,SANTA FE,2451,-61.85338863,-31.89312988
CALAMARI,AV. ALBERDI 614,SAN JORGE,SAN MARTÍN,SANTA FE,2451,-61.85088121,-31.89766687
DEGRATTI,LISANDRO DE LA TORRE 1318,SAN JORGE,SAN MARTÍN,SANTA FE,2451,-61.85917032,-31.90237695
DENTEZANO,AV. JORGE ORTIZ 2097,SAN JORGE,SAN MARTÍN,SANTA FE,2451,-61.86622918,-31.89514417
PISSINIS,Boulevard Presidente Perón 619,SAN JORGE,SAN MARTÍN,SANTA FE,2451,-61.84968799,-31.89323582
POGNANTE,SAN MARTIN 969,SAN JORGE,SAN MARTÍN,SANTA FE,2451,-61.86021665,-31.89824329
SANTO,CORRIENTES 1744,SAN JORGE,SAN MARTÍN,SANTA FE,2451,-61.86347985,-31.90023226
SARA,CATAMARCA 1606,SAN JORGE,SAN MARTÍN,SANTA FE,2451,-61.86021825,-31.89317618
VICCO,HIPOLITO IRIGOYEN 1351,SAN JORGE,SAN MARTÍN,SANTA FE,2451,-61.85829834,-31.89736858
PASTOR,CAP. VIÑAS 154,SAN JOSE DEL RINCON,LA CAPITAL,SANTA FE,3001,,
SOLA,SAN MARTIN 1760,SAN JOSE DEL RINCON,LA CAPITAL,SANTA FE,3001,-60.57152232,-31.60520212
ALMADA,JUAN MANTOVANI 1725,SAN JUSTO,SAN JUSTO,SANTA FE,3040,,
ARNAUDO,9 DE JULIO 2303,SAN JUSTO,SAN JUSTO,SANTA FE,3040,-60.58953696,-30.78909927
BOLLO,AV. GDOR IRIONDO 2364,SAN JUSTO,SAN JUSTO,SANTA FE,3040,,
BOTTO,CABAL 2518,SAN JUSTO,SAN JUSTO,SANTA FE,3040,-60.59426881,-30.78984761
D¿ANTONI,SAN MARTIN 2298,SAN JUSTO,SAN JUSTO,SANTA FE,3040,-60.58891242,-30.78656643
DEL GIUDICE,BV.PELLEGRINI 2823,SAN JUSTO,SAN JUSTO,SANTA FE,3040,-60.59838733,-30.79303672
MAI,ARISTOBULO DEL VALLE 7302,SANTA FE,LA CAPITAL,SANTA FE,3000,-60.6919373,-31.60117035
MANSILLA,9 DE JULIO 1181,SANTA FE,LA CAPITAL,SANTA FE,3000,-60.71365122,-31.66108112
MARCELO GALIZZI,BLAS PARERA 8894,SANTA FE,LA CAPITAL,SANTA FE,3000,-60.72784983,-31.57787743
MARIO MARTINEZ,ARISTOBULO DEL VALLE 4499,SANTA FE,LA CAPITAL,SANTA FE,3000,-60.7003349,-31.62643104
MARTINEZ JUAN JOSE,URQUIZA 1859,SANTA FE,LA CAPITAL,SANTA FE,3000,-60.71527867,-31.65299707
MAZZALI,JUAN DE GARAY 2915,SANTA FE,LA CAPITAL,SANTA FE,3000,-60.71239204,-31.65180231
MENAPACE,BLAS PARERA 7831,SANTA FE,LA CAPITAL,SANTA FE,3000,-60.72494561,-31.58951182
MENDEZ,GUEMES 4356,SANTA FE,LA CAPITAL,SANTA FE,3000,-60.68677892,-31.63071628
MERCADO CENTRAL,SAN JERONIMO 2179,SANTA FE,LA CAPITAL,SANTA FE,3000,-60.70908185,-31.65016762
MONICA WAGNER,MARCIAL CANDIOTI 3895,SANTA FE,LA CAPITAL,SANTA FE,3000,-60.69440861,-31.63353906
MONTES,GRAL. PAZ 6765,SANTA FE,LA CAPITAL,SANTA FE,3000,-60.67778032,-31.60937396
MORALES,Av. Aristóbulo del Valle 5827,SANTA FE,LA CAPITAL,SANTA FE,3000,-60.696639,-31.614672
NAITO,MENDOZA 4098,SANTA FE,LA CAPITAL,SANTA FE,3000,-60.72664357,-31.64419457
ORTEGA,BLAS PARERA 8374,SANTA FE,LA CAPITAL,SANTA FE,3000,-60.72634912,-31.58350983
PACCE,ARISTBULO DEL VALLE 4900,SANTA FE,LA CAPITAL,SANTA FE,3000,-60.69921705,-31.62282528
PARDO,9 DE JULIO 3443,SANTA FE,LA CAPITAL,SANTA FE,3000,-60.70606856,-31.63572249
PASTEUR,MARCIAL CANDIOTTI 3499,SANTA FE,LA CAPITAL,SANTA FE,3000,-60.69546723,-31.63729328
PEDRO  ANDRS KORNIJUK,AV. FACUNDO ZUVIRIA 5323,SANTA FE,LA CAPITAL,SANTA FE,3000,-60.70544709,-31.61739533
PEIRO,AV. FACUNDO ZUVIRIA 6253,SANTA FE,LA CAPITAL,SANTA FE,3000,-60.70415069,-31.60868109
PELLEGRINI,BOULEVARD PELLEGRINI 3465,SANTA FE,LA CAPITAL,SANTA FE,3000,-60.71441632,-31.63325626
PESCETTI,PADRE GENESIO 1830,SANTA FE,LA CAPITAL,SANTA FE,3000,-60.6842863,-31.601801
SEIB,MORENO 744,FLORENCIA,GENERAL OBLIGADO,SANTA FE,3516,-59.22106962,-28.04057883
BURGI,SAAVEDRA 2053,FRANCK,LAS COLONIAS,SANTA FE,3009,-60.94000583,-31.58893545
IRENE ALBRECHT,MIGUEL MANFREDI 2021,FRANCK,LAS COLONIAS,SANTA FE,3009,,
MARIANO,SAN MARTIN 2199,FRANCK,LAS COLONIAS,SANTA FE,3009,-60.93842643,-31.58578672
FARMACIA TRAVERSO,CALLE 1 799,FRONTERA,CASTELLANOS,SANTA FE,2438,-62.06489145,-31.42731067
TELLO,CASTELLANO 840,GABOTO,SAN JERÓNIMO,SANTA FE,2208,-60.81769255,-32.43354416
CASTINI,JORGE NEWBERY 447,GALVEZ,SAN JERÓNIMO,SANTA FE,2252,-61.21525705,-32.03581654
SEN,SALVADOR DEL CARRIL 1672,SANTA FE,LA CAPITAL,SANTA FE,3000,-60.6879182,-31.62017035
DOBLER,25 DE MAYO 377,PROGRESO,LAS COLONIAS,SANTA FE,3023,-60.98942198,-31.13624365
SIOLI,INDENDENCIA 69,PROGRESO,LAS COLONIAS,SANTA FE,3023,-60.9877865,-31.13650191
FARMACIA ABOAL,ARISTOBULO DEL VALLE 1161,RAFAELA,CASTELLANOS,SANTA FE,2300,-61.48097703,-31.25886058
FARMACIA ABRATE,LUIS FANTI 102,RAFAELA,CASTELLANOS,SANTA FE,2300,-61.4954254,-31.26144268
FARMACIA BERNINI,AV. LUIS  FANTI 1510,RAFAELA,CASTELLANOS,SANTA FE,2300,-61.5101139,-31.25933075
FARMACIA BLATTER,AV. SANTA FE 1460,RAFAELA,CASTELLANOS,SANTA FE,2300,-61.47694198,-31.25523734
FARMACIA BRUERA,TUCUMAN 130,RAFAELA,CASTELLANOS,SANTA FE,2300,-61.48475601,-31.25263349
FARMACIA CAGNOTTI,SAN MARTIN 345,RAFAELA,CASTELLANOS,SANTA FE,2300,-61.4877806,-31.25199499
RANZUGLIA,BLAS PARERA 9278,SANTA FE,LA CAPITAL,SANTA FE,3000,-60.72875169,-31.57449522
RITA MARTINEZ,AV. ARISTOBULO DEL VALLE 10396,SANTA FE,LA CAPITAL,SANTA FE,3000,-60.69006674,-31.57128372
ROJAS,BLAS PARERA 7202,SANTA FE,LA CAPITAL,SANTA FE,3000,-60.72319805,-31.59553382
ROJAS SOTELO,ALVEAR 6303,SANTA FE,LA CAPITAL,SANTA FE,3000,-60.68902834,-31.61143119
FARMACIA SANTA FE,Calle Saavedra 1822,SANTA FE,LA CAPITAL,SANTA FE,3000,-60.7179652,-31.6530133
SANTIAGO,NECOCHEA 4162,SANTA FE,LA CAPITAL,SANTA FE,3000,-60.69259872,-31.63135359
FARMACIA SANTIVAÑEZ,ESTANISLAO ZEBALLOS 4453,SANTA FE,LA CAPITAL,SANTA FE,3000,-60.718518,-31.6003405
ITALIANA,SAN MARTIN 501,GALVEZ,SAN JERÓNIMO,SANTA FE,2252,-61.22159391,-32.03119633
MEYNET,BME. MITRE 1124,GALVEZ,SAN JERÓNIMO,SANTA FE,2252,,
PERLO,BELGRANO 948,GALVEZ,SAN JERÓNIMO,SANTA FE,2252,-61.21625774,-32.02977482
RAMPONE,BELGRANO 699,GALVEZ,SAN JERÓNIMO,SANTA FE,2252,-61.21949165,-32.03151414
SOLTERMANN,AV. MAYO 814,GALVEZ,SAN JERÓNIMO,SANTA FE,2252,-61.21950473,-32.0286214
VENICA,BELGRANO 599,GALVEZ,SAN JERÓNIMO,SANTA FE,2252,-61.22078776,-32.03229556
CHIAPPO,PRESBITERO DOMINGO NARDI 898,GESSLER,SAN JERÓNIMO,SANTA FE,2253,,
MARIONI,SAN MARTIN 1152,GESSLER,SAN JERÓNIMO,SANTA FE,2253,-61.12892603,-31.87658512
BOTTA,ESTANISLAO ZEBALLO 201,GOBERNADOR CRESPO,SAN JUSTO,SANTA FE,3044,,
GONNET,COMBATE DE SAN LORENZO 325,GOBERNADOR CRESPO,SAN JUSTO,SANTA FE,3044,-60.40175892,-30.36204556
TROMBERT,AV. SAN MART N 204,GOBERNADOR CRESPO,SAN JUSTO,SANTA FE,3044,-60.40353372,-30.36315356
ALI BOCO,SANTA FE Y SALTA S,GREGORIA PEREZ DE DENIS,9 DE JULIO,SANTA FE,3061,,
WIRTH,ZONA URBANA S,GUADALUPE NORTE,GENERAL OBLIGADO,SANTA FE,3574,,
CHEMES,PADRE PEDRO P. SELLARES 697,HELVECIA,GARAY,SANTA FE,3003,,
REARTES,CORRIENTES 715,HELVECIA,GARAY,SANTA FE,3003,-60.08936701,-31.10154319
DULAC,Patricio Diez 1094,RECONQUISTA,GENERAL OBLIGADO,SANTA FE,3567,-59.649657,-29.1437226
FACCHINI,LISANDRO DE LA TORRE 1020,RECONQUISTA,GENERAL OBLIGADO,SANTA FE,3567,-59.65284,-29.17216147
GALENO,OLESSIO 999,RECONQUISTA,GENERAL OBLIGADO,SANTA FE,3567,-59.65024515,-29.1470386
GASSMANN,OLESSIO 2345,RECONQUISTA,GENERAL OBLIGADO,SANTA FE,3567,-59.65202208,-29.16142871
GOMEZ INGARAMO,9 DE JULIO 1199,RECONQUISTA,GENERAL OBLIGADO,SANTA FE,3567,-59.64807868,-29.14945536
LILIANA ARAMBURU,9 DE JULIO 1598,RECONQUISTA,GENERAL OBLIGADO,SANTA FE,3567,-59.6486909,-29.15377853
MASAT,PIETROPAOLO 2074,RECONQUISTA,GENERAL OBLIGADO,SANTA FE,3567,-59.66295209,-29.1482016
MENENDEZ,SAN MARTIN 402,RECONQUISTA,GENERAL OBLIGADO,SANTA FE,3567,-59.64199946,-29.14139111
MOSCHEN,MORENO 776,RECONQUISTA,GENERAL OBLIGADO,SANTA FE,3567,-59.64541444,-29.14100551
PADUAN,9 DE JULIO 498,RECONQUISTA,GENERAL OBLIGADO,SANTA FE,3567,-59.64705606,-29.14193728
PEIRONE,PTE.ROCA 2740,RECONQUISTA,GENERAL OBLIGADO,SANTA FE,3567,,
SARTOR,9 DE JULIO 1033,RECONQUISTA,GENERAL OBLIGADO,SANTA FE,3567,-59.64785914,-29.14766597
SELLARES,GENERAL OBLIGADO 1001,RECONQUISTA,GENERAL OBLIGADO,SANTA FE,3567,-59.64534257,-29.14758242
SOLODKOW,BELGRANO 669,RECONQUISTA,GENERAL OBLIGADO,SANTA FE,3567,-59.64608855,-29.14388658
TISEYRA,L. FUNES 977,RECONQUISTA,GENERAL OBLIGADO,SANTA FE,3567,,
VERDERONE,NEWBERY Y CALLE 12,RECONQUISTA,GENERAL OBLIGADO,SANTA FE,3567,-59.64365658,-29.15322843
VIANO,LUDUENA 1077,RECONQUISTA,GENERAL OBLIGADO,SANTA FE,3567,-59.6416225,-29.1487946
VICENTIN,HIPOLITO IRIGOYEN 1057,RECONQUISTA,GENERAL OBLIGADO,SANTA FE,3567,-59.65664025,-29.14699349
VIZCAY,25 DE MAYO 1088,RECONQUISTA,GENERAL OBLIGADO,SANTA FE,3567,-59.64916356,-29.14813472
BIELER,IGNACIO CRESPO 1001,RECREO,LA CAPITAL,SANTA FE,3018,-60.73307701,-31.49335697
LEDESMA,CRESPO Y MITRE,RECREO,LA CAPITAL,SANTA FE,3018,-60.7325466,-31.49223098
COURVOISIER,SAN MARTIN 1499,ROMANG,SAN JAVIER,SANTA FE,3555,-59.75208742,-29.49873556
STRICKER,LAS HERAS 3844,SANTA FE,LA CAPITAL,SANTA FE,3000,-60.69666975,-31.633552
SUPPO,ARISTOBULO DEL VALLE 6897,SANTA FE,LA CAPITAL,SANTA FE,3000,-60.69259606,-31.60490867
THEILLER,GRAL. PAZ 5773,SANTA FE,LA CAPITAL,SANTA FE,3000,-60.68402495,-31.61762248
THROENDLY,BLAS PARERA 8235,SANTA FE,LA CAPITAL,SANTA FE,3000,-60.72590754,-31.58545707
TRUCCO,LAS HERAS 4501,SANTA FE,LA CAPITAL,SANTA FE,3000,-60.69489182,-31.62757888
DERGHON,R.E. DE SAN MARTIN 2303,SAN JUSTO,SAN JUSTO,SANTA FE,3040,,
DOMINGORENA,BELGRANO 2387,SAN JUSTO,SAN JUSTO,SANTA FE,3040,-60.5909264,-30.78870303
FILIPPA,INDEPENDENCIA 2693,SAN JUSTO,SAN JUSTO,SANTA FE,3040,-60.59558435,-30.78939745
LANZO,GOBERNADOR IRIONDO 2531,SAN JUSTO,SAN JUSTO,SANTA FE,3040,,
LAZZARONI,NICOLÁS FIGUEREDO 2755,SAN JUSTO,SAN JUSTO,SANTA FE,3040,,
MAGLIONI,9 DE JULIO 1728,SAN JUSTO,SAN JUSTO,SANTA FE,3040,-60.58192917,-30.79016267
MUSURUANA,URQUIZA 2355,SAN JUSTO,SAN JUSTO,SANTA FE,3040,-60.58936951,-30.78855384
PERUSINI,BELGRANO 2331,SAN JUSTO,SAN JUSTO,SANTA FE,3040,-60.59076382,-30.78798735
RAGGIO,AV.IRIONDO 2246,SAN JUSTO,SAN JUSTO,SANTA FE,3040,-60.59199126,-30.78666893
ZANUTTINI,IRIONDO 3162,SAN JUSTO,SAN JUSTO,SANTA FE,3040,,
BANCHIO,DR.D ALFONSO 1174,SAN MARTIN DE LAS ESCOBAS,SAN MARTÍN,SANTA FE,2449,,
RIBETTI,D ALFONSO 1005,SAN MARTIN DE LAS ESCOBAS,SAN MARTÍN,SANTA FE,2449,,
ARAGNO,BV. SARMIENTO 101,SAN VICENTE,CASTELLANOS,SANTA FE,2447,,
WAGNER BURGUES,RIVADAVIA 3298,SANTA FE,LA CAPITAL,SANTA FE,3000,-60.70178907,-31.63831835
UGOLINI,GORRITTI 4449,SANTA FE,LA CAPITAL,SANTA FE,3000,-60.71416792,-31.58562712
VALETTI,GRAL.PAZ 6440,SANTA FE,LA CAPITAL,SANTA FE,3000,,
VERONICA CANO,SUIPACHA 2912,SANTA FE,LA CAPITAL,SANTA FE,3000,-60.7085925,-31.63917267
VIGNOLO,GRAL. PAZ 4698,SANTA FE,LA CAPITAL,SANTA FE,3000,-60.69040253,-31.62663393
VINDEROLA,BV PELLEGRINI 3060,SANTA FE,LA CAPITAL,SANTA FE,3000,-60.70936605,-31.63434118
WUILLOUD,SAN JERONIMO 1900,SANTA FE,LA CAPITAL,SANTA FE,3000,-60.71002053,-31.65341021
ZENTNER,San Jerónimo 3101,SANTA FE,LA CAPITAL,SANTA FE,3000,-60.706165,-31.63965
ZIMERMAN,PADRE GENESIO 2971,SANTA FE,LA CAPITAL,SANTA FE,3000,-60.69780198,-31.59892285
QUEGLAS,RTO. 12 DE INFANTERA 4400,SANTA FE,LA CAPITAL,SANTA FE,3000,,
LOVATTO,AV. SAN MARTIN 1101,ALEJANDRA,SAN JAVIER,SANTA FE,3051,-59.82790841,-29.90971617
JARA,JUAN JOSE MICHLIG 317,AMBROSETTI,SAN CRISTÓBAL,SANTA FE,2352,-61.57724498,-30.01325679
FARMACIA STEINBERGER,LISANDRO DE LA TORRE 232,ANGELICA,CASTELLANOS,SANTA FE,2303,-61.54371158,-31.55077505
FARMACIA TOSELLI,ROSARIO 16,ANGELICA,CASTELLANOS,SANTA FE,2303,-61.54567586,-31.55127892
TOLEDO,GENERAL ROCA 698,HELVECIA,GARAY,SANTA FE,3003,-60.08534932,-31.10242841
FARMACIA CASTELLANO,AGUSTIN ALVAREZ 21,RAFAELA,CASTELLANOS,SANTA FE,2300,-61.4900722,-31.24673415
FARMACIA CECCHI,BV. LEHMANN 747,RAFAELA,CASTELLANOS,SANTA FE,2300,-61.4900526,-31.24494692
FARMACIA CORACH,AVDA. SANTA FE 417,RAFAELA,CASTELLANOS,SANTA FE,2300,-61.48712708,-31.25301429
FARMACIA DAGOSTINO,JORGE NEWBERY 396,RAFAELA,CASTELLANOS,SANTA FE,2300,-61.46724893,-31.25319562
FARMACIA DARDATI,Lavalle 64,RAFAELA,CASTELLANOS,SANTA FE,2300,-61.4903983,-31.2522888
FARMACIA DECHIARA,AV. MITRE 309,RAFAELA,CASTELLANOS,SANTA FE,2300,-61.48235885,-31.25259129
FARMACIA DELBINO,AV. MITRE 1148,RAFAELA,CASTELLANOS,SANTA FE,2300,-61.47552673,-31.25149946
FARMACIA ESCOBAR,AV.SANTA FE 1141,RAFAELA,CASTELLANOS,SANTA FE,2300,-61.47996225,-31.25431915
FARMACIA FOGLIATTI,BV. HIPOLITO YRIGOYEN 1338,RAFAELA,CASTELLANOS,SANTA FE,2300,-61.49479098,-31.26509495
FARMACIA GIORGIS,BV.ROCA 1658,RAFAELA,CASTELLANOS,SANTA FE,2300,-61.50907955,-31.24948357
FARMACIA GRIMALDI,FALUCHO 30,RAFAELA,CASTELLANOS,SANTA FE,2300,-61.49316818,-31.25691202
FARMACIA INGARAMO,Bv. Presidente Julio A. Roca 197,RAFAELA,CASTELLANOS,SANTA FE,2300,-61.49387956,-31.25248314
FARMACIA LEIGGENER,ITALIA 1857,RAFAELA,CASTELLANOS,SANTA FE,2300,-61.47450499,-31.23851493
FARMACIA LONGONI,SARMIENTO 190,RAFAELA,CASTELLANOS,SANTA FE,2300,-61.48924595,-31.2510864
FARMACIA MAINERO,SUIPACHA 413,RAFAELA,CASTELLANOS,SANTA FE,2300,-61.4992873,-31.25525814
FARMACIA MODENESI,AV.ERNESTO SALVA 1016,RAFAELA,CASTELLANOS,SANTA FE,2300,-61.50054705,-31.24110029
FARMACIA MORBIDONI,ERNESTO SALVA 34,RAFAELA,CASTELLANOS,SANTA FE,2300,-61.48995946,-31.24299284
FARMACIA MORENO,MORENO 202,RAFAELA,CASTELLANOS,SANTA FE,2300,-61.49377585,-31.25111148
FARMACIA OPERTO,BV. HIP LITO IRIGOYEN 229,RAFAELA,CASTELLANOS,SANTA FE,2300,-61.492099,-31.25467857
FARMACIA PAUTASSO,ROSARIO 392,RAFAELA,CASTELLANOS,SANTA FE,2300,-61.5004464,-31.24736754
GAIDO,BV.LEDESMA Y SAN FABIAN,AROCENA,SAN JERÓNIMO,SANTA FE,2242,-60.97401997,-32.07765211
VICENTIN,ARROYO CEIBAL,ARROYO CEIBAL,GENERAL OBLIGADO,SANTA FE,3575,,
ARRIETA,SOLDADOS ARGENTINOS 231,ARRUFO,SAN CRISTÓBAL,SANTA FE,2344,-61.72860098,-30.23436213
OROZCO,ENRIQUE CRIPPA 551,ARRUFO,SAN CRISTÓBAL,SANTA FE,2344,-61.73014129,-30.23201526
BENVIN,RIVADAVIA 126,ATALIVA,CASTELLANOS,SANTA FE,2307,-61.43384698,-30.99673445
BACCA,CALLE 22 293,AVELLANEDA,GENERAL OBLIGADO,SANTA FE,3561,,
CANO,CALLE 18 NRO. 258,AVELLANEDA,GENERAL OBLIGADO,SANTA FE,3561,-59.65450719,-29.11530293
DELLA ROSA,CALLE 15 1410,AVELLANEDA,GENERAL OBLIGADO,SANTA FE,3561,-59.64766145,-29.12099483
FERRERO,CALLE 15 NRO. 592,AVELLANEDA,GENERAL OBLIGADO,SANTA FE,3561,-59.65775175,-29.11982526
ENRIQUE KAENEL,9 DE JULIO 1105,ROMANG,SAN JAVIER,SANTA FE,3555,-59.75060919,-29.50079194
KAENEL,SAN MARTIN 1272,ROMANG,SAN JAVIER,SANTA FE,3555,-59.74989976,-29.49912096
RIBATTO,SAN MARTIN 999,ROMANG,SAN JAVIER,SANTA FE,3555,-59.74726409,-29.49960158
GARETTO,SA PEREIRA 232,SA PEREYRA,LAS COLONIAS,SANTA FE,3011,-61.37712691,-31.57029763
RUFFNER,SAN LORENZO 355,SA PEREYRA,LAS COLONIAS,SANTA FE,3011,-61.37780678,-31.56994562
POSSIEL,ZONA URBANA S,SAN ANTONIO DE OBLIGADO,GENERAL OBLIGADO,SANTA FE,3587,,
NOVERO,SAN MARTIN 2600,EMPALME SAN CARLOS,LAS COLONIAS,SANTA FE,3007,,
BOSCOVICH,BELGRANO 1601,SAN CARLOS CENTRO,LAS COLONIAS,SANTA FE,3013,-61.09426834,-31.73750155
CALCATERRA DE GARCIA,SAN MARTIN 1217,SAN CARLOS CENTRO,LAS COLONIAS,SANTA FE,3013,-61.09458831,-31.73358373
COLLA,BELGRANO 845,SAN CARLOS CENTRO,LAS COLONIAS,SANTA FE,3013,-61.09236789,-31.73022348
CROSTA,SAN MARTIN 2051,SAN CARLOS CENTRO,LAS COLONIAS,SANTA FE,3013,-61.09656534,-31.74166447
FAVRE,RIVADAVIA 598,SAN CARLOS CENTRO,LAS COLONIAS,SANTA FE,3013,-61.09042638,-31.72812776
PRIERI,BELGRANO 699,SAN CARLOS CENTRO,LAS COLONIAS,SANTA FE,3013,-61.0920277,-31.72882196
ZURBRIGGEN,SAN MARTIN 370,SAN CARLOS CENTRO,LAS COLONIAS,SANTA FE,3013,-61.09258455,-31.72541037
MENY,CARLOS B.BERNARD 199,SAN CARLOS NORTE,LAS COLONIAS,SANTA FE,3009,,
SAGER,SAN MARTIN 799,SAN CARLOS SUD,LAS COLONIAS,SANTA FE,3013,-61.10102763,-31.75958547
BOSCO,BV. SAN MARTIN 1389,SAN CRISTOBAL,SAN CRISTÓBAL,SANTA FE,3070,-61.23053491,-30.30803042
DIPIAZZA,ALVEAR 949,SAN CRISTOBAL,SAN CRISTÓBAL,SANTA FE,3070,-61.23764395,-30.31007486
GAITAN,ALVEAR 619,SAN CRISTOBAL,SAN CRISTÓBAL,SANTA FE,3070,-61.23261769,-30.31100673
LEMOS,CASEROS 1441,SAN CRISTOBAL,SAN CRISTÓBAL,SANTA FE,3070,-61.23271696,-30.30689454
PESQUEDUA,PTE J.D PERON 1191,SAN CRISTOBAL,SAN CRISTÓBAL,SANTA FE,3070,,
PIERANTONI,CASEROS 1298,SAN CRISTOBAL,SAN CRISTÓBAL,SANTA FE,3070,-61.23312072,-30.30852562
FIRPO,SAN MARTIN 1144,AVELLANEDA,GENERAL OBLIGADO,SANTA FE,3561,,
FRANCISCO SELLARES,CALLE 13 396,AVELLANEDA,GENERAL OBLIGADO,SANTA FE,3561,-59.66008131,-29.11846986
MAREGA,CALLE 18 NRO. 998,AVELLANEDA,GENERAL OBLIGADO,SANTA FE,3561,-59.65572471,-29.12338334
MELGAREJO,CALLE 312 52,AVELLANEDA,GENERAL OBLIGADO,SANTA FE,3561,-59.65762226,-29.11089736
PIVIDORI,SAN MARTIN OESTE 298,AVELLANEDA,GENERAL OBLIGADO,SANTA FE,3561,,
VIANO,CALLE 9 NRO. 665,AVELLANEDA,GENERAL OBLIGADO,SANTA FE,3561,-59.65637471,-29.11663297
VICENTIN,SAN MARTIN 875,AVELLANEDA,GENERAL OBLIGADO,SANTA FE,3561,,
VITTI,CALLE 4 NO. 398,AVELLANEDA,GENERAL OBLIGADO,SANTA FE,3561,,
WILHELM,CALLE 21 NUMERO 74,AVELLANEDA,GENERAL OBLIGADO,SANTA FE,3561,-59.66468531,-29.1223535
ZUPEL,CALLE 7-ESQ.10,AVELLANEDA,GENERAL OBLIGADO,SANTA FE,3561,,
DIP,AVDA. PAGANINI 521,BARRANCAS,SAN JERÓNIMO,SANTA FE,2246,,
GALLOTTO,BENAVIDEZ 172,BARRANCAS,SAN JERÓNIMO,SANTA FE,2246,-60.98260289,-32.23114416
LORENZATTI,Avenida Paganini 1062,BARRANCAS,SAN JERÓNIMO,SANTA FE,2246,-60.98036528,-32.23759712
CARGNELUTTI,PUEYRREDON 901,CALCHAQUI,VERA,SANTA FE,3050,-60.28567083,-29.88465429
CARRARA,BELGRANO 39,CALCHAQUI,VERA,SANTA FE,3050,-60.27936007,-29.88887025
PERELLO,PUEYRREDON 1399,CALCHAQUI,VERA,SANTA FE,3050,-60.28667815,-29.89007646
RIOS,SANTA FE 100,CALCHAQUI,VERA,SANTA FE,3050,-60.28177289,-29.89076361
TRAVESANI,RIVADAVIA 201,CALCHAQUI,VERA,SANTA FE,3050,-60.28280673,-29.88952375
BIOLATTO,URQUIZA 626,CAÑADA ROSQUIN,SAN MARTÍN,SANTA FE,2454,-61.60217268,-32.05167987
BONINO,SARMIENTO 363,CAÑADA ROSQUIN,SAN MARTÍN,SANTA FE,2454,-61.59845851,-32.05102164
GALETTO,SAN MARTIN 626,CAÑADA ROSQUIN,SAN MARTÍN,SANTA FE,2454,-61.6006681,-32.0536564
MARIELA GALETTO,BELGRANO 478,CAÑADA ROSQUIN,SAN MARTÍN,SANTA FE,2454,-61.59890491,-32.05297912
DUPRAZ,CONSTITUCION 120,SAN VICENTE,CASTELLANOS,SANTA FE,2447,-61.56892506,-31.70015313
JALIT,9 DE JULIO 263,SAN VICENTE,CASTELLANOS,SANTA FE,2447,-61.56691288,-31.69664543
MONDINO,BELGRANO 540,SAN VICENTE,CASTELLANOS,SANTA FE,2447,-61.56128055,-31.69922159
ROSSI,25 DE MAYO 283,SAN VICENTE,CASTELLANOS,SANTA FE,2447,-61.56436643,-31.69979832
ROVITO,SAN MARTIN 150,SAN VICENTE,CASTELLANOS,SANTA FE,2447,-61.5692125,-31.6988745
PUSSETTO,CORONEL DOMINGUEZ 483,SANTA CLARA DE BUENA VISTA,LAS COLONIAS,SANTA FE,2258,-61.31725088,-31.76323894
ROGGERO,CORONEL DOMINGUEZ 903,SANTA CLARA DE BUENA VISTA,LAS COLONIAS,SANTA FE,2258,-61.32309187,-31.7645329
BARONETTO,JOSE HERNANDEZ 353,SANTA CLARA DE SAGUIER,CASTELLANOS,SANTA FE,2315,-61.82096384,-31.33858309
POMPEYA,AV. SAN MARTIN 245,SANTA CLARA DE SAGUIER,CASTELLANOS,SANTA FE,2315,-61.8185555,-31.33797097
CACERES,SANTA FE Y URUGUAY,SANTA ROSA DE CALCHINES,GARAY,SANTA FE,3001,-60.33564146,-31.42124444
NAISIUS,SANTA FE 751,SANTA ROSA DE CALCHINES,GARAY,SANTA FE,3001,-60.3351452,-31.41900379
MAITRE MEIER,AV. LIBERTADOR 366,SANTO DOMINGO,LAS COLONIAS,SANTA FE,3025,-60.88801328,-31.12097979
ADRIAN CARRIZO,BELGRANO 3405 LOCAL 2 Y 3,SANTO TOME,LA CAPITAL,SANTA FE,3016,,
BERTA,EJERCITO ARGENTINO 2695,SANTO TOME,LA CAPITAL,SANTA FE,3016,-60.77089944,-31.67245721
BONINO,RIVADAVIA 1786,SANTO TOME,LA CAPITAL,SANTA FE,3016,-60.76342465,-31.66307512
CIRELLI,25 DE MAYO 1654,SANTO TOME,LA CAPITAL,SANTA FE,3016,-60.76215055,-31.66204719
CONTINI,SARMIENTO 1776,SANTO TOME,LA CAPITAL,SANTA FE,3016,-60.75860274,-31.66205876
CRUZ,MARIANO CANDIOTI 2493,SANTO TOME,LA CAPITAL,SANTA FE,3016,,
ERICA TEPP,AVDA. RICHIERI 3296,SANTO TOME,LA CAPITAL,SANTA FE,3016,,
ESCOBAR,AV. 7 DE MARZO 1527,SANTO TOME,LA CAPITAL,SANTA FE,3016,-60.75681734,-31.6673875
GOMEZ,GABOTO 1801,SANTO TOME,LA CAPITAL,SANTA FE,3016,-60.7605525,-31.67019359
NOVAIRA,SANTA FE 680,CAÑADA ROSQUIN,SAN MARTÍN,SANTA FE,2454,-61.60051057,-32.05496414
COSATTO,NICOLAS LEVALLE 901,CARLOS PELLEGRINI,SAN MARTÍN,SANTA FE,2453,,
ELIAS,MONTES DE OCA S N LOTE 2 M21,CARLOS PELLEGRINI,SAN MARTÍN,SANTA FE,2453,,
PAGANI,BME.MITRE 998,CARLOS PELLEGRINI,SAN MARTÍN,SANTA FE,2453,,
ROVERE,SAN MARTIN 836,CARLOS PELLEGRINI,SAN MARTÍN,SANTA FE,2453,-61.78390085,-32.04868167
SCARAFIOCCA,RIVADAVIA 644,CARLOS PELLEGRINI,SAN MARTÍN,SANTA FE,2453,-61.78565161,-32.05166521
FALVO,PEDRO DE VEGA S,CAYASTA,GARAY,SANTA FE,3001,,
GFELLER,CONDE TISSIERES S,CAYASTA,GARAY,SANTA FE,3001,,
DASCANIO,SARMIENTO 1298,CENTENO,SAN JERÓNIMO,SANTA FE,2148,-61.40960703,-32.29791851
SOPRANZETTI,BUENOS AIRES 1254,CENTENO,SAN JERÓNIMO,SANTA FE,2148,,
FARMACIA ALBERTINAZZI,AVDA DE MAYO 267,CERES,SAN CRISTÓBAL,SANTA FE,2340,-61.9436491,-29.8798468
BARRIOS,GDOR. ALDAO 102,CERES,SAN CRISTÓBAL,SANTA FE,2340,-61.94337265,-29.88137888
CERUTTI,C. PELLEGRINI 498,CERES,SAN CRISTÓBAL,SANTA FE,2340,,
COMETTO,AV. 25 DE MAYO 325,CERES,SAN CRISTÓBAL,SANTA FE,2340,,
FRANK,DELFOR DEL VALLE 345,CERES,SAN CRISTÓBAL,SANTA FE,2340,-61.94049106,-29.88271865
GIOVANNINI,AV. VICENTE CASARES 345,CERES,SAN CRISTÓBAL,SANTA FE,2340,-61.94343692,-29.88481098
HILBE,AV. FALUCHO 19,CERES,SAN CRISTÓBAL,SANTA FE,2340,-61.95234715,-29.88576387
MILANESIO,AV. ITALIA 158,CERES,SAN CRISTÓBAL,SANTA FE,2340,-61.94870612,-29.88344143
ALANIZ,SAN MARTIN 270,HERSILIA,SAN CRISTÓBAL,SANTA FE,2352,-61.83803489,-30.00537876
CHIAPERO,CAYETANO ZIBECHI 310,HERSILIA,SAN CRISTÓBAL,SANTA FE,2352,,
CORIA,SARMIENTO 236,HERSILIA,SAN CRISTÓBAL,SANTA FE,2352,-61.83730557,-30.00314026
FARMACIA BECCARIA,SAN MARTIN 168,HUMBERTO PRIMO,CASTELLANOS,SANTA FE,2309,-61.35093753,-30.86742773
FARMACIA COLOMBO,BV. LEHMANN 254,HUMBERTO PRIMO,CASTELLANOS,SANTA FE,2309,-61.34836336,-30.870026
FARMACIA CORNERO,AV. SAN MARTIN 502,HUMBERTO PRIMO,CASTELLANOS,SANTA FE,2309,-61.35434423,-30.86686973
FARMACIA PUIG,BRASIL 470,RAFAELA,CASTELLANOS,SANTA FE,2300,-61.48450055,-31.24420746
FARMACIA ROSSI,ROSARIO 698,RAFAELA,CASTELLANOS,SANTA FE,2300,-61.49977425,-31.24442933
FARMACIA SELLO,AVENIDA ROCA 653,RAFAELA,CASTELLANOS,SANTA FE,2300,-61.4990943,-31.25156508
CAMPANINI,A.MARITANO 1341,SAN GENARO,SAN JERÓNIMO,SANTA FE,2146,,
DUTTO,1RA. JUNTA 20,ALDAO,SAN LORENZO,SANTA FE,2214,,
SILVA,AVDA.MAYO 523,CERES,SAN CRISTÓBAL,SANTA FE,2340,,
VEGA,AVDA. ITALIA 301,CERES,SAN CRISTÓBAL,SANTA FE,2340,,
VERNETTI,AV. MITRE 317,CERES,SAN CRISTÓBAL,SANTA FE,2340,-61.94698429,-29.88799815
ANSELMI,9 DE JULIO 101,ESTACION CLUCELLAS,CASTELLANOS,SANTA FE,2407,,
AUSED,DEFENSA 31,ESTACION CLUCELLAS,CASTELLANOS,SANTA FE,2407,,
SOVRANO,BELGRANO 101,ESTACION CLUCELLAS,CASTELLANOS,SANTA FE,2407,,
DIAZ,"RUTA 1 KM. 3,5",COLASTINE NORTE,LA CAPITAL,SANTA FE,3001,,
SCHMIDT,CASEROS 1741,SAN CRISTOBAL,SAN CRISTÓBAL,SANTA FE,3070,-61.23185939,-30.30346617
MAGRA,MITRE 1471,SAN GENARO,SAN JERÓNIMO,SANTA FE,2146,-61.35698595,-32.36917684
QUINTERO,LAVALLE 1959,SAN GENARO,SAN JERÓNIMO,SANTA FE,2146,,
ZALLOCCO,AV. ROQUE SAENZ PEÑA 1201,SAN GENARO,SAN JERÓNIMO,SANTA FE,2146,-61.3530681,-32.36873581
CASTAGNO,JUAN CHAVARRI 566,SAN GENARO NORTE,SAN JERÓNIMO,SANTA FE,2147,,
FLORES,AV. ROQUE SAENZ PEÑA 1532,SAN GENARO NORTE,SAN JERÓNIMO,SANTA FE,2147,-61.34629447,-32.36596934
GOMEZ,BELGRANO 801,SAN GENARO NORTE,SAN JERÓNIMO,SANTA FE,2147,-61.33798503,-32.36529966
VIVAS,SAN MARTIN 1028,SAN GENARO NORTE,SAN JERÓNIMO,SANTA FE,2147,-61.3505713,-32.36795536
BENELLI,AV.SAN MARTIN 456,SAN GUILLERMO,SAN CRISTÓBAL,SANTA FE,2347,-61.91605923,-30.35916139
NICOLAU,URQUIZA 198,SAN GUILLERMO,SAN CRISTÓBAL,SANTA FE,2347,-61.91863803,-30.36101832
PALOMEQUE-ODETTI,25 DE MAYO 63,SAN GUILLERMO,SAN CRISTÓBAL,SANTA FE,2347,-61.92086516,-30.35901581
WILLINER,SARMIENTO 698,SAN GUILLERMO,SAN CRISTÓBAL,SANTA FE,2347,-61.9134463,-30.36195567
BARAGIOLA,GRAL. LOPEZ 1256,SAN JAVIER,SAN JAVIER,SANTA FE,3005,-59.93227556,-30.58006161
VILA,ALVEAR 2042,SAN JAVIER,SAN JAVIER,SANTA FE,3005,-59.92812282,-30.57970437
CIGNETTI,GUEMES 417,SAN JERONIMO NORTE,LAS COLONIAS,SANTA FE,3011,-61.07690441,-31.55101696
GASPARINI,SARMIENTO 601,SAN JERONIMO NORTE,LAS COLONIAS,SANTA FE,3011,-61.07841141,-31.55193786
MANSILLA,MARIANO MORENO ESQ. MITRE,ALDAO,SAN LORENZO,SANTA FE,2214,,
JACKIER,RIVADAVIA 784,COLONIA BELGRANO,SAN MARTÍN,SANTA FE,2257,-61.39965623,-31.90896063
ACOSTA,LISANDRO DE LA TORRE Y PTE ROCA,CORONDA,SAN JERÓNIMO,SANTA FE,2240,,
CASTAÑO,BELGRANO 2110,CORONDA,SAN JERÓNIMO,SANTA FE,2240,-60.92255672,-31.97749684
GAIDO DE BERTERO,25 DE MAYO 1502,CORONDA,SAN JERÓNIMO,SANTA FE,2240,-60.92054286,-31.97244
GOBBO,ALBERDI 1907,CORONDA,SAN JERÓNIMO,SANTA FE,2240,-60.92094953,-31.97530184
LESCE,SAN MARTIN Y GUEMES,CORONDA,SAN JERÓNIMO,SANTA FE,2240,-60.92340989,-31.97314225
LUCIETICH,ALBERDI 1505,CORONDA,SAN JERÓNIMO,SANTA FE,2240,-60.92016898,-31.97026024
PALACIOS,ALBERDI 2232,CORONDA,SAN JERÓNIMO,SANTA FE,2240,-60.92149845,-31.97890282
SOSA,SARMIENTO 1864,CORONDA,SAN JERÓNIMO,SANTA FE,2240,-60.9167934,-31.97467069
CARLE,BV. AMERICA 1043,EL TREBOL,SAN MARTÍN,SANTA FE,2535,-61.70042635,-32.19960801
CAVALLERO,DORREGO 502,EL TREBOL,SAN MARTÍN,SANTA FE,2535,-61.70541727,-32.19086161
CRAVERO,BRUSELAS 765,EL TREBOL,SAN MARTÍN,SANTA FE,2535,-61.70922212,-32.19757255
MONASTEROLO,BV. VICTORIA 262,EL TREBOL,SAN MARTÍN,SANTA FE,2535,,
MORELLI,ITALIA 854,EL TREBOL,SAN MARTÍN,SANTA FE,2535,-61.70141802,-32.20135661
PECCI,BV.AMERICA 573,EL TREBOL,SAN MARTÍN,SANTA FE,2535,-61.7017249,-32.20545103
MACAGNO,7 DE MARZO 2601,SANTO TOME,LA CAPITAL,SANTA FE,3016,-60.76840626,-31.66607546
MARCOLINI,AV. LUJAN 2672,SANTO TOME,LA CAPITAL,SANTA FE,3016,-60.76780851,-31.6714109
MARIANA GOMEZ,AV. LUJAN 2468,SANTO TOME,LA CAPITAL,SANTA FE,3016,-60.76656665,-31.66979627
MARTA TEPP,AV. LUJAN 3634,SANTO TOME,LA CAPITAL,SANTA FE,3016,-60.77460962,-31.67994823
MARTINEZ,HIPOLITO IRIGOYEN 2278,SANTO TOME,LA CAPITAL,SANTA FE,3016,-60.76394505,-31.66826517
MAYORAZ,25 DE MAYO 2023,SANTO TOME,LA CAPITAL,SANTA FE,3016,-60.76336093,-31.66577496
NATALIA CAPORIZZO,ARISTÓBULO DEL VALLE 8908,SANTO TOME,LA CAPITAL,SANTA FE,3016,-60.6906107,-31.5857436
OLIVERO,HERNANDARIAS 1793,SANTO TOME,LA CAPITAL,SANTA FE,3016,-60.76090601,-31.67415149
PALACIN,MARCIAL CANDIOTTI 3677,SANTO TOME,LA CAPITAL,SANTA FE,3016,,
JULIETA PESCETTI,Av. 7 de Marzo 1760,SANTO TOME,LA CAPITAL,SANTA FE,3016,-60.75929224,-31.66706361
QUASSOLO,Sarmiento 2343,SANTO TOME,LA CAPITAL,SANTA FE,3016,-60.76458827,-31.66130205
SAN ROQUE,AV. 7 DE MARZO 2118,SANTO TOME,LA CAPITAL,SANTA FE,3016,-60.76370061,-31.66661131
SAUCO,ALBERDI 2168,SANTO TOME,LA CAPITAL,SANTA FE,3016,-60.76714135,-31.68149784
ROSARIO,SAN LORENZO 1315,ROSARIO,ROSARIO,SANTA FE,2000,-60.64059899,-32.9435729
RESTA,BIEDMA CNL 3086,ROSARIO,ROSARIO,SANTA FE,2000,,
ROMERO,OROO NICASIO BV 3207,ROSARIO,ROSARIO,SANTA FE,2000,,
RODRIGUEZ IRAMAIN,ITUZAINGO 901,ROSARIO,ROSARIO,SANTA FE,2000,-60.6390422,-32.96120678
RODRIGO,PASO JUAN JOSE 5880,ROSARIO,ROSARIO,SANTA FE,2000,,
RABOZZI,LEIVA 6007,ROSARIO,ROSARIO,SANTA FE,2000,-60.63778057,-33.00604529
ROUVIERE,MATIENZO 2350,ROSARIO,ROSARIO,SANTA FE,2000,-60.69408562,-32.95581175
ROATTA,MENDOZA AV 3989,ROSARIO,ROSARIO,SANTA FE,2000,,
RIDAO,MORENO MARIANO BIS 40,ROSARIO,ROSARIO,SANTA FE,2000,,
REYNA,LAGOS OVIDIO AV 2794,ROSARIO,ROSARIO,SANTA FE,2000,-60.66701236,-32.96585692
RICCOBENE,LAGOS OVIDIO BIS AV 52,ROSARIO,ROSARIO,SANTA FE,2000,-60.65896247,-32.93230025
RUPEL,SALTA AV 3079,ROSARIO,ROSARIO,SANTA FE,2000,-60.66340609,-32.93459695
RINCIC,SAN NICOLAS 3302,ROSARIO,ROSARIO,SANTA FE,2000,-60.67971027,-32.96952467
ROSSI,SANTA FE 7101,ROSARIO,ROSARIO,SANTA FE,2000,-60.71752325,-32.93582073
R. MOREALE,SORRENTO AV 1072,ROSARIO,ROSARIO,SANTA FE,2000,-60.69374866,-32.90724917
SILVIA BARATO,ALSINA 1398,ROSARIO,ROSARIO,SANTA FE,2000,-60.67830726,-32.9469675
SAENZ PEA,ARIJON AV 702,ROSARIO,ROSARIO,SANTA FE,2000,-60.64496801,-33.00289474
SANDILO,ARIJON AV 1899,ROSARIO,ROSARIO,SANTA FE,2000,-60.66053138,-33.00336214
SAN JORGE,PELLEGRINI CARLOS AV 809,ROSARIO,ROSARIO,SANTA FE,2000,,
SAN JOSE,PELLEGRINI CARLOS AV 1395,ROSARIO,ROSARIO,SANTA FE,2000,,
SANTAMBROSIO,URIBURU JOSE EVARISTO PRES AV 721,ROSARIO,ROSARIO,SANTA FE,2000,,
SANTA RITA,BIEDMA CNL 3317,ROSARIO,ROSARIO,SANTA FE,2000,,
SAN CAYETANO,BUENOS AIRES 2556,ROSARIO,ROSARIO,SANTA FE,2000,-60.63786471,-32.96803463
MARINCIONI,MITRE 601,LOS QUIRQUINCHOS,CASEROS,SANTA FE,2637,-61.71465105,-33.37921097
BARTOLOME,RIVADAVIA 515,LOS QUIRQUINCHOS,CASEROS,SANTA FE,2637,-61.71137486,-33.37813374
PRIOTTI,SAN MARTIN 501,LOS QUIRQUINCHOS,CASEROS,SANTA FE,2637,-61.71252183,-33.37760919
NOVA FARM,SAN MARTIN 387,LUCIO V. LOPEZ,IRIONDO,SANTA FE,2142,-61.02348586,-32.71267377
TURRI,RUCCI 845,LUIS PALACIOS,SAN LORENZO,SANTA FE,2142,,
KARKOVICH,PADRE BADIA 478,MAGGIOLO,GENERAL LÓPEZ,SANTA FE,2622,-62.24582994,-33.72174068
VARELA,AV.ALVEAR 753,MARIA TERESA,GENERAL LÓPEZ,SANTA FE,2609,,
GOYECHEA,SAN MARTIN 356,MARIA TERESA,GENERAL LÓPEZ,SANTA FE,2609,-61.90965942,-34.00857644
DEL VALLE,URQUIZA 257,MARIA TERESA,GENERAL LÓPEZ,SANTA FE,2609,-61.91490179,-34.01195676
JAUREGUI,CHACABUCO 242,MAXIMO PAZ,CONSTITUCIÓN,SANTA FE,2115,-60.95277086,-33.48301772
SVETATZ,FALUCHO 853,MAXIMO PAZ,CONSTITUCIÓN,SANTA FE,2115,-60.95837518,-33.48375072
LINGIARDI STELLA M.,ITUZAINGO 501,MAXIMO PAZ,CONSTITUCIÓN,SANTA FE,2115,-60.95713161,-33.48269562
ROSELLO,MAIPU 1007,MAXIMO PAZ,CONSTITUCIÓN,SANTA FE,2115,-60.95470241,-33.48497276
FERLONI,MORERO 205,MELINCUE,GENERAL LÓPEZ,SANTA FE,2728,-61.45737456,-33.65802402
DI MELLA,SAN MARTIN 247,MELINCUE,GENERAL LÓPEZ,SANTA FE,2728,-61.45537681,-33.65800801
RUGGERI,MENDOZA 641,MONTES DE OCA,BELGRANO,SANTA FE,2521,-61.76702535,-32.56716863
GRASSO,SAN MARTIN 718,MONTES DE OCA,BELGRANO,SANTA FE,2521,-61.76864376,-32.56779678
LORANDINI,SARMIENTO  324,MONTES DE OCA,BELGRANO,SANTA FE,2521,-61.77198935,-32.56575868
PLACCI,9 DE JULIO 257,VILLA MUGUETA,SAN LORENZO,SANTA FE,2175,-61.05529383,-33.31152645
RASTELLI,SAN MARTIN 555,VILLA MUGUETA,SAN LORENZO,SANTA FE,2175,-61.05727593,-33.31186298
DICIANO,AVDA. GUEMES 411,MURPHY,GENERAL LÓPEZ,SANTA FE,2601,,
BARACCO,FELIX BARACCO 444,MURPHY,GENERAL LÓPEZ,SANTA FE,2601,-61.86010132,-33.64327628
CASTELLI,GUEMES 166,MURPHY,GENERAL LÓPEZ,SANTA FE,2601,-61.85455055,-33.6440786
DESABATO,SAAVEDRA 224,MURPHY,GENERAL LÓPEZ,SANTA FE,2601,-61.85687609,-33.64480307
KURTH,SAN MARTIN 411,MURPHY,GENERAL LÓPEZ,SANTA FE,2601,-61.85873163,-33.64295436
RASPO,BUENOS AIRES 376,OLIVEROS,IRIONDO,SANTA FE,2206,-60.85086338,-32.57476108
SDRIGOTTI,RONDEAU BV 2398,ROSARIO,ROSARIO,SANTA FE,2000,-60.69376693,-32.89069107
STIEFEL REANO,RONDEAU BV 1642,ROSARIO,ROSARIO,SANTA FE,2000,-60.69159026,-32.89782177
SANTINO,CALLAO 699,ROSARIO,ROSARIO,SANTA FE,2000,-60.6597583,-32.94114292
STRIEBECK,CORDOBA 2719,ROSARIO,ROSARIO,SANTA FE,2000,-60.66035635,-32.94244229
SANTA ROSA,ITALIA 2707,ROSARIO,ROSARIO,SANTA FE,2000,-60.65351655,-32.96708514
SAGRIPANTI,JUJUY 2248,ROSARIO,ROSARIO,SANTA FE,2000,-60.65197228,-32.93540634
SIMONETTI,LA PAZ 1196,ROSARIO,ROSARIO,SANTA FE,2000,-60.64399934,-32.96391587
SOCIAL,MENDOZA AV 6573,ROSARIO,ROSARIO,SANTA FE,2000,,
SOLDANO,MENDOZA AV 5151,ROSARIO,ROSARIO,SANTA FE,2000,,
SALK,PROVINCIAS UNIDAS AV 642,ROSARIO,ROSARIO,SANTA FE,2000,-60.7129598,-32.93504232
STRELUK,PROVINCIAS UNIDAS AV 2398,ROSARIO,ROSARIO,SANTA FE,2000,-60.7119921,-32.95688313
SARTOR,RIOJA 1909,ROSARIO,ROSARIO,SANTA FE,2000,-60.64962997,-32.94556021
SAN JUAN,SAN JUAN 1784,ROSARIO,ROSARIO,SANTA FE,2000,-60.64862044,-32.9484435
SAN LUIS,SAN LUIS 1095,ROSARIO,ROSARIO,SANTA FE,2000,-60.63880627,-32.94902777
S. SOLARI,SE SAN MARTIN JOSE GRL AV 3701,ROSARIO,ROSARIO,SANTA FE,2000,,
SOLARI,Avenida San Martín 5602,ROSARIO,ROSARIO,SANTA FE,2000,-60.649338,-33.0020169
SUIZA,SARMIENTO DOMINGO FAUSTINO PRES 865,ROSARIO,ROSARIO,SANTA FE,2000,,
SAN MARTINO,SORRENTO AV 774,ROSARIO,ROSARIO,SANTA FE,2000,-60.68987715,-32.90714665
S. RODRIGUEZ,TUCUMAN 7782,ROSARIO,ROSARIO,SANTA FE,2000,-60.72924479,-32.93298893
SALTA,DE URQUIZA JUSTO JOSE 3299,ROSARIO,ROSARIO,SANTA FE,2000,,
SCHINDLER,DE URQUIZA JUSTO JOSE 1990,ROSARIO,ROSARIO,SANTA FE,2000,,
SANTA ROSA,Buenos Aires 251,OLIVEROS,IRIONDO,SANTA FE,2206,-60.85131347,-32.57289085
CHINELLATO,SANTA FE  349,OLIVEROS,IRIONDO,SANTA FE,2206,-60.85190748,-32.57470717
LEONE,CORRIENTES 326,PAVON,CONSTITUCIÓN,SANTA FE,2918,-60.40437669,-33.241775
PACIARONI,BUENOS AIRES 1081,PAVON ARRIBA,CONSTITUCIÓN,SANTA FE,2109,-60.82451903,-33.3101877
BARTOLACCI,1° DE MAYO 2346,PEREZ,ROSARIO,SANTA FE,2121,-60.78098448,-33.0016185
GUALTIERI,9 DE JULIO 1403,PEREZ,ROSARIO,SANTA FE,2121,-60.76779561,-33.00078419
TASSELLI,9 DE JULIO 762,PEREZ,ROSARIO,SANTA FE,2121,-60.77202778,-32.99487973
CICCONOFRI,B. MITRE  846,PEREZ,ROSARIO,SANTA FE,2121,,
NAZARET,DR. BORZONE 1614,PEREZ,ROSARIO,SANTA FE,2121,-60.76770458,-33.00298089
CARLOS ORIOL,EL JILGUERO 124,PEREZ,ROSARIO,SANTA FE,2121,-60.73389268,-32.96926211
GAMBOSO,ESTANISLAO LOPEZ 1154,PEREZ,ROSARIO,SANTA FE,2121,-60.76477431,-32.99627767
ALVAREZ LOISA,IRIGOYEN 1898,PEREZ,ROSARIO,SANTA FE,2121,-60.77746724,-32.99600744
FARMACENTER,J. MEDRANO 1808,PEREZ,ROSARIO,SANTA FE,2121,,
BESANA,RIVADAVIA 1303,PEREZ,ROSARIO,SANTA FE,2121,-60.76735445,-32.99936593
CHITARRONI,SAN MARTIN 1765,PEREZ,ROSARIO,SANTA FE,2121,-60.77259174,-32.99949524
DE LA PLAZA,YAPEYU 1612,PEREZ,ROSARIO,SANTA FE,2121,-60.77028697,-32.99960976
CARINO,CENTENARIO 824,PEYRANO,CONSTITUCIÓN,SANTA FE,2113,-60.80141574,-33.53920027
FERRETTI,CENTENARIO 701,PEYRANO,CONSTITUCIÓN,SANTA FE,2113,-60.80248034,-33.54018275
BACLINI,ALBERDI 1007,PUEBLO ESTHER,ROSARIO,SANTA FE,2126,-60.58105344,-33.07095136
SANCHEZ,CORDOBA 1994,PUEBLO ESTHER,ROSARIO,SANTA FE,2126,-60.57750876,-33.07481331
GHERARDI,J.B. ALBERDI 1345,PUEBLO ESTHER,ROSARIO,SANTA FE,2126,,
FILIPINI,J.D. PERON 1848,PUEBLO ESTHER,ROSARIO,SANTA FE,2126,,
DE GRANDIS,BELGRANO 225,PUERTO GENERAL SAN MARTIN,SAN LORENZO,SANTA FE,2202,-60.73510393,-32.71660428
GOBBO,BELGRANO 502,PUERTO GENERAL SAN MARTIN,SAN LORENZO,SANTA FE,2202,-60.73450422,-32.71410787
LESZKIEWICZ,BUENOS AIRES  1018,PUERTO GENERAL SAN MARTIN,SAN LORENZO,SANTA FE,2202,-60.73642941,-32.71185533
SCHLIETTER,DE URQUIZA JUSTO JOSE 3146,ROSARIO,ROSARIO,SANTA FE,2000,,
SILVANA LORENZETTI,VIAMONTE 88,ROSARIO,ROSARIO,SANTA FE,2000,-60.62878187,-32.96782638
TERMINAL,CAFFERATA 702,ROSARIO,ROSARIO,SANTA FE,2000,-60.67065254,-32.93920597
TONEGUZZO,3 DE FEBRERO 2366,ROSARIO,ROSARIO,SANTA FE,2000,-60.65718387,-32.94965454
TURIN,SE SAN MARTIN JOSE GRL AV 5386,ROSARIO,ROSARIO,SANTA FE,2000,,
TARICCO,AVELLANEDA BV 1945,ROSARIO,ROSARIO,SANTA FE,2000,-60.68271744,-32.95274649
TANTERA,RONDEAU BV 2052,ROSARIO,ROSARIO,SANTA FE,2000,-60.69281396,-32.8938134
TARTARELLI,RONDEAU BV 1350,ROSARIO,ROSARIO,SANTA FE,2000,-60.69074205,-32.90059682
TERRAZINO,CALLAO 935,ROSARIO,ROSARIO,SANTA FE,2000,-60.660409,-32.944247
TORCHIO,CASTRO BARROS AV 4828,ROSARIO,ROSARIO,SANTA FE,2000,-60.62981042,-32.99355244
TUMINI,ITALIA 1898,ROSARIO,ROSARIO,SANTA FE,2000,-60.65118173,-32.95782805
TORTI,PROVINCIAS UNIDAS BIS AV 538,ROSARIO,ROSARIO,SANTA FE,2000,-60.71343824,-32.92264695
TREPAT,PROVINCIAS UNIDAS AV 1414,ROSARIO,ROSARIO,SANTA FE,2000,-60.71402523,-32.91174544
TARALLO,SAN JUAN 3716,ROSARIO,ROSARIO,SANTA FE,2000,-60.67484891,-32.94373804
TOSCA,SANTA FE 4340,ROSARIO,ROSARIO,SANTA FE,2000,-60.6820723,-32.93713861
TRONCOSO,SANTA FE 2076,ROSARIO,ROSARIO,SANTA FE,2000,-60.65127956,-32.94265563
ULRICH,RIVAROLA 7969,ROSARIO,ROSARIO,SANTA FE,2000,-60.7301128,-32.9665278
UMANSKY,SE SAN MARTIN JOSE GRL AV 3998,ROSARIO,ROSARIO,SANTA FE,2000,,
VALLES,ALSINA 2020,ROSARIO,ROSARIO,SANTA FE,2000,-60.68008587,-32.9541076
VASALLO,PERON JUAN DOMINGO PRES AV 4067,ROSARIO,ROSARIO,SANTA FE,2000,,
VERONICA LAZARTE,CASIANO CASAS AV 1870,ROSARIO,ROSARIO,SANTA FE,2000,-60.70812549,-32.90172037
VILAGGI,OROO NICASIO BV 1215,ROSARIO,ROSARIO,SANTA FE,2000,,
VECELLIO,RONDEAU BV 774,ROSARIO,ROSARIO,SANTA FE,2000,-60.6885731,-32.90767857
VITANTONIO,MITRE BARTOLOME 984,ROSARIO,ROSARIO,SANTA FE,2000,,
MEROI,CORDOBA 857,PUERTO GENERAL SAN MARTIN,SAN LORENZO,SANTA FE,2202,-60.73578879,-32.71669669
SINDICATO DE OBREROS Y EMP. ACEITEROS,CORDOBA 1109,PUERTO GENERAL SAN MARTIN,SAN LORENZO,SANTA FE,2202,-60.73850129,-32.71622351
VOLGUEIN,RUTA 11 KM 334 949,PUERTO GENERAL SAN MARTIN,SAN LORENZO,SANTA FE,2202,,
BOSIO,SAN MARTIN 622,PUERTO GENERAL SAN MARTIN,SAN LORENZO,SANTA FE,2202,-60.73026258,-32.71361509
DEL PUERTO,SAN MARTIN 168,PUERTO GENERAL SAN MARTIN,SAN LORENZO,SANTA FE,2202,-60.73119845,-32.71776338
PELOSI,SAN MARTIN 378,PUERTO GENERAL SAN MARTIN,SAN LORENZO,SANTA FE,2202,-60.73079167,-32.71587617
MAROZZI,BV. COLON 928,PUJATO,SAN LORENZO,SANTA FE,2123,-61.04407063,-33.01589059
FIORI,J. R. RODRIGUEZ 567,PUJATO,SAN LORENZO,SANTA FE,2123,,
PENNACCHIONI,J. R. RODRIGUEZ 1199,PUJATO,SAN LORENZO,SANTA FE,2123,,
RODRIGUEZ,J. R. RODRIGUEZ 943,PUJATO,SAN LORENZO,SANTA FE,2123,,
JANDIRIZ,SAN MARTIN 646,PUJATO,SAN LORENZO,SANTA FE,2123,-61.04252468,-33.01863227
WINKER,CAFFERATA 490,RICARDONE,SAN LORENZO,SANTA FE,2201,,
CLARI,URBANO IRIONDO 648,RICARDONE,SAN LORENZO,SANTA FE,2201,-60.78299721,-32.77100445
TRIONFETTI,ALBERDI 402,ROLDAN,SAN LORENZO,SANTA FE,2134,-60.90546263,-32.90386328
TORNABENE,CATAMARCA 788,ROLDAN,SAN LORENZO,SANTA FE,2134,-60.90996016,-32.90532385
BUSTAMANTE,GRAL. LOPEZ 753,ROLDAN,SAN LORENZO,SANTA FE,2134,,
ALBINOLI,SAN MARTIN 818,ROLDAN,SAN LORENZO,SANTA FE,2134,-60.90907942,-32.90024035
CAPDEVILA,URQUIZA 207,ROLDAN,SAN LORENZO,SANTA FE,2134,-60.90774371,-32.90163602
MARTINEZ,DR. PEDRO RUEDA 738,RUEDA,CONSTITUCIÓN,SANTA FE,2921,,
MIGUEL,IRIGOYEN 576,RUFINO,GENERAL LÓPEZ,SANTA FE,6100,-62.71147775,-34.26761608
HOSP.PROV.SAMCO,ALEM VIEYRA 1261,RUFINO,GENERAL LÓPEZ,SANTA FE,6100,,
GUARAGNA,ANGEL MEUNIER 90,RUFINO,GENERAL LÓPEZ,SANTA FE,6100,,
BELEN,AV. COBO 698,RUFINO,GENERAL LÓPEZ,SANTA FE,6100,,
CENTRAL,AVDA. COBO 120,RUFINO,GENERAL LÓPEZ,SANTA FE,6100,,
LUHACES,DR. E. CARBALLERA 289,RUFINO,GENERAL LÓPEZ,SANTA FE,6100,,
SANTA FE,EVA PERON 120,RUFINO,GENERAL LÓPEZ,SANTA FE,6100,-62.71338769,-34.264159
VARELA,MORENO MARIANO 3096,ROSARIO,ROSARIO,SANTA FE,2000,,
VIDA,PROVINCIAS UNIDAS AV 174,ROSARIO,ROSARIO,SANTA FE,2000,-60.71315729,-32.93037717
VALLECILLO,ROUILLON 2520,ROSARIO,ROSARIO,SANTA FE,2000,-60.70156873,-32.9579895
FARMACIA RUCCI,SAN JUAN 497,ROSARIO,ROSARIO,SANTA FE,2000,-60.6306598,-32.951814
VILETTO,SARMIENTO DOMINGO FAUSTINO PRES 1416,ROSARIO,ROSARIO,SANTA FE,2000,,
VESCIO,VELEZ SARSFIELD 369,ROSARIO,ROSARIO,SANTA FE,2000,-60.66878233,-32.92473816
VIAMONTE,VIAMONTE 906,ROSARIO,ROSARIO,SANTA FE,2000,-60.64026155,-32.96577595
VAZQUEZ,VIRASORO 1554,ROSARIO,ROSARIO,SANTA FE,2000,-60.65041178,-32.96877479
YOCCO,SEGUI JUAN FRANCISCO BV 3659,ROSARIO,ROSARIO,SANTA FE,2000,,
ZANNI,AMENABAR 5391,ROSARIO,ROSARIO,SANTA FE,2000,-60.69626494,-32.96353712
ZALVIDEA NAVARRO,PROVINCIAS UNIDAS BIS AV 984,ROSARIO,ROSARIO,SANTA FE,2000,-60.71383933,-32.91725486
ZAETA,MENDOZA AV 847,ROSARIO,ROSARIO,SANTA FE,2000,,
AMARILLA,ALVAREZ CONDARCO BIS 790,ROSARIO,ROSARIO,SANTA FE,2000,-60.75612231,-32.92065071
ALBERDI,ALBERDI 669,ROSARIO,ROSARIO,SANTA FE,2000,-60.68209901,-32.91981871
AVENIDA,ALBERDI 1098,ROSARIO,ROSARIO,SANTA FE,2000,-60.68575895,-32.91524395
AVELLANEDA,CORDOBA 4101,ROSARIO,ROSARIO,SANTA FE,2000,,
AYOLAS,ESPAÐA 3407,ROSARIO,ROSARIO,SANTA FE,2000,-60.65415971,-32.97536454
ALMA,MATIENZO 997,ROSARIO,ROSARIO,SANTA FE,2000,-60.69475327,-32.93857341
BIRCHER,GENOVA 2363,ROSARIO,ROSARIO,SANTA FE,2000,,
CHIOVOLONI,CALLAO 5044,ROSARIO,ROSARIO,SANTA FE,2000,-60.67181882,-32.99714345
COLLOMB,CORDOBA 4313,ROSARIO,ROSARIO,SANTA FE,2000,,
DIMARCO,OROÐO NICASIO BV 5831,ROSARIO,ROSARIO,SANTA FE,2000,,
DOSOUTO,25 DE MAYO AV CIRCUNVALACION 1965,ROSARIO,ROSARIO,SANTA FE,2000,,
BENGUA,MANUEL ROCA 340,RUFINO,GENERAL LÓPEZ,SANTA FE,6100,-62.71579857,-34.2641337
SIOLA,MANUEL ROCA 36,RUFINO,GENERAL LÓPEZ,SANTA FE,6100,-62.71487917,-34.26095585
BOLLERO,PRESIDENTE PERON 31,RUFINO,GENERAL LÓPEZ,SANTA FE,6100,,
A.D.O.S.,PRIMITIVO GALAN 100,RUFINO,GENERAL LÓPEZ,SANTA FE,6100,-62.71032054,-34.26365102
MANCIOLA,PTE. J. D. PERON 250,RUFINO,GENERAL LÓPEZ,SANTA FE,6100,,
SANTO,PTE. PERON 597,RUFINO,GENERAL LÓPEZ,SANTA FE,6100,,
CASALI,SAN JUAN 115,RUFINO,GENERAL LÓPEZ,SANTA FE,6100,-62.71075369,-34.26579318
STELLA CICCONI,EL PLATA 333,SALTO GRANDE,IRIONDO,SANTA FE,2142,-61.08680863,-32.66915018
MILANESE,PORTEÑA 130,SALTO GRANDE,IRIONDO,SANTA FE,2142,,
TORRI,A. P. CABANIUS 418,SAN GREGORIO,GENERAL LÓPEZ,SANTA FE,2613,,
A.P.R.E.P.A.,1° DE JUNIO 464,SAN JERONIMO SUD,SAN LORENZO,SANTA FE,2136,-61.02381155,-32.88110243
KRENZ,ESTRASBURGO 354,SAN JERONIMO SUD,SAN LORENZO,SANTA FE,2136,-61.02308383,-32.88050803
GIANINETTO DE BRINGA,25 DE MAYO                          111,SAN JOSE DE LA ESQUINA,CASEROS,SANTA FE,2185,-61.70179308,-33.10868934
CIRIACI,MITRE                               776,SAN JOSE DE LA ESQUINA,CASEROS,SANTA FE,2185,-61.70646618,-33.11425873
LOSADA,MORENO                              1073,SAN JOSE DE LA ESQUINA,CASEROS,SANTA FE,2185,-61.70511,-33.11376294
PALAZZESI,RIVADAVIA                           550,SAN JOSE DE LA ESQUINA,CASEROS,SANTA FE,2185,-61.70396329,-33.11250369
ZAMPATTI,RIVADAVIA                           1019,SAN JOSE DE LA ESQUINA,CASEROS,SANTA FE,2185,-61.70508677,-33.11696725
LINPOZZI,SAN MARTIN 499,SAN JOSE DE LA ESQUINA,CASEROS,SANTA FE,2185,-61.70165325,-33.11240639
VICTORIA,SAN MARTIN Y MORENO                 0,SAN JOSE DE LA ESQUINA,CASEROS,SANTA FE,2185,,
DORREGO,AV. DORREGO 2119,SAN LORENZO,SAN LORENZO,SANTA FE,2200,,
POTALIVO,AV. SAN MARTIN 2123,SAN LORENZO,SAN LORENZO,SANTA FE,2200,-60.73408665,-32.74115379
TERZAGHI,AV. SAN MARTIN 3071,SAN LORENZO,SAN LORENZO,SANTA FE,2200,-60.73341172,-32.73113601
ROMEGIALLI,AVDA. GUREL 689,SAN LORENZO,SAN LORENZO,SANTA FE,2200,,
CALZIA,BELGRANO 675,SAN LORENZO,SAN LORENZO,SANTA FE,2200,-60.73499938,-32.7467467
ESPAÐA,ESPAÐA 1795,ROSARIO,ROSARIO,SANTA FE,2000,-60.64953072,-32.95689887
FAGGI,ALBERDI 750,ROSARIO,ROSARIO,SANTA FE,2000,-60.68294793,-32.91873377
FRANZETTI,ESPAÐA 470,ROSARIO,ROSARIO,SANTA FE,2000,-60.64556606,-32.94112688
GIRAUDO,ESPAÐA 1372,ROSARIO,ROSARIO,SANTA FE,2000,-60.64830278,-32.95204498
JUAN CANALS,ESPAÐA 4496,ROSARIO,ROSARIO,SANTA FE,2000,-60.65731338,-32.98787879
LILJESTHROM,ARIJON AV 2757,ROSARIO,ROSARIO,SANTA FE,2000,-60.67554569,-33.00383254
MOSET,CORDOBA 8285,ROSARIO,ROSARIO,SANTA FE,2000,,
MARTINEZ,URUGUAY 110,ROSARIO,ROSARIO,SANTA FE,2000,,
PEREZ,ESPAÐA 5580,ROSARIO,ROSARIO,SANTA FE,2000,-60.65767595,-33.0020856
PILLIOD,GUATEMALA 1170,ROSARIO,ROSARIO,SANTA FE,2000,-60.71723313,-32.94119078
PAGANI,JUNIN 2402,ROSARIO,ROSARIO,SANTA FE,2000,,
ROBIN,ALBERDI 951,ROSARIO,ROSARIO,SANTA FE,2000,-60.68452411,-32.91678483
ROMEO,CORDOBA 7695,ROSARIO,ROSARIO,SANTA FE,2000,,
SCOLARI,DUARTE DE PERON EVA AV 3458,ROSARIO,ROSARIO,SANTA FE,2000,,
TREIDE,DORREGO MANUEL 5899,ROSARIO,ROSARIO,SANTA FE,2000,,
VICTORIA,ESPAÐA 620,ROSARIO,ROSARIO,SANTA FE,2000,-60.64599543,-32.94282356
CARATOLLI,ASURMENDI 501,ACEBAL,ROSARIO,SANTA FE,2109,-60.83568168,-33.24126894
VUKSICH,ASURMENDI 654,ACEBAL,ROSARIO,SANTA FE,2109,-60.83612491,-33.24298066
BARBERO,BV. CENTENARIO 352,ACEBAL,ROSARIO,SANTA FE,2109,-60.83393318,-33.23987408
MANSILLA,MA. SAN PEREYRA 603,ACEBAL,ROSARIO,SANTA FE,2109,,
RIOS,PTE. ROCA 371,ACEBAL,ROSARIO,SANTA FE,2109,,
MIOR,BV. OROÑO 1223,SAN LORENZO,SAN LORENZO,SANTA FE,2200,-60.74008088,-32.73428746
MIRIAM GARCIA,BV. OROÑO 1546,SAN LORENZO,SAN LORENZO,SANTA FE,2200,-60.7441531,-32.73355884
ALBANESI,DORREGO 704,SAN LORENZO,SAN LORENZO,SANTA FE,2200,-60.73744791,-32.75440047
RIOS,DORREGO 1554,SAN LORENZO,SAN LORENZO,SANTA FE,2200,-60.73726499,-32.7461933
SQUILLACE,DORREGO 2411,SAN LORENZO,SAN LORENZO,SANTA FE,2200,-60.7368514,-32.73794317
FARMACIA A.M.U.R. ASOC. RURALISTA,Avenida San Martín 1147,SAN LORENZO,SAN LORENZO,SANTA FE,2200,-60.7342988,-32.750141
VIVIANA SILVA,ENTRE RIOS 754,SAN LORENZO,SAN LORENZO,SANTA FE,2200,-60.73570398,-32.74307207
ALESSANDRINI,GRAL LOPEZ 932,SAN LORENZO,SAN LORENZO,SANTA FE,2200,-60.73536935,-32.75203483
CERRETTO,GRAL. LOPEZ 3708,SAN LORENZO,SAN LORENZO,SANTA FE,2200,-60.7335846,-32.72493423
SUTKOWSKI,HIPOLITO YRIGOYEN 2698,SAN LORENZO,SAN LORENZO,SANTA FE,2200,-60.73599293,-32.73510041
GARCIA ALONSO,L N ALEM 617,SAN LORENZO,SAN LORENZO,SANTA FE,2200,,
MASSONI,MISIONES 1085,SAN LORENZO,SAN LORENZO,SANTA FE,2200,-60.74079668,-32.75637915
ALI,PASAJE DEL INMIGRANTE 758,SAN LORENZO,SAN LORENZO,SANTA FE,2200,,
HOSPITAL GRANADEROS A CABALLO,RICHIERI 347,SAN LORENZO,SAN LORENZO,SANTA FE,2200,-60.73449455,-32.75785371
PANACEA,SALTA 690,SAN LORENZO,SAN LORENZO,SANTA FE,2200,-60.73510945,-32.74486501
FROSCHAUER,SAN CARLOS 744,SAN LORENZO,SAN LORENZO,SANTA FE,2200,-60.73267699,-32.75443665
DOCOLA,SAN MARTIN 3319,SAN LORENZO,SAN LORENZO,SANTA FE,2200,-60.73307694,-32.7288323
LUDUEÑA,SAN MARTIN 3882,SAN LORENZO,SAN LORENZO,SANTA FE,2200,-60.73225619,-32.7234002
MEROI,SAN MARTIN 1147,SAN LORENZO,SAN LORENZO,SANTA FE,2200,-60.73432698,-32.75011898
RUCCI,SAN MARTIN 943,SAN LORENZO,SAN LORENZO,SANTA FE,2200,-60.73437115,-32.75198492
S.O.E.P.U.,SAN MARTIN 968,SAN LORENZO,SAN LORENZO,SANTA FE,2200,-60.73436923,-32.75175146
SERENELLI,SAN MARTIN 1798,SAN LORENZO,SAN LORENZO,SANTA FE,2200,-60.73417279,-32.74402446
ALESSANDRI,SARGENTO CABRAL 1335,SAN LORENZO,SAN LORENZO,SANTA FE,2200,-60.73079624,-32.74848006
MARTINEZ,SARGENTO CABRAL 2345,SAN LORENZO,SAN LORENZO,SANTA FE,2200,-60.73057612,-32.73951888
ROJAS,SARGENTO CABRAL 552,SAN LORENZO,SAN LORENZO,SANTA FE,2200,-60.7316285,-32.75678241
DE CRISTOFANO,GARIBALDI 295,ALBARELLOS,ROSARIO,SANTA FE,2101,-60.63724265,-33.23762478
LINGIARDI FABIANA,25 DE MAYO 567,ALCORTA,CONSTITUCIÓN,SANTA FE,2117,-61.12472601,-33.54175294
NARDONI,ALVEAR  213,ALCORTA,CONSTITUCIÓN,SANTA FE,2117,-61.12404622,-33.5448732
ROCCHI,AV. MITRE 109,ALCORTA,CONSTITUCIÓN,SANTA FE,2117,,
ALESSO,BELGRANO 394,ALCORTA,CONSTITUCIÓN,SANTA FE,2117,-61.12615532,-33.53847764
FERNANDEZ,ESPAÑA 798,ALCORTA,CONSTITUCIÓN,SANTA FE,2117,-61.12241112,-33.53951712
SACCANI,ITALIA 901,ALCORTA,CONSTITUCIÓN,SANTA FE,2117,-61.12171026,-33.5379359
DE BONIS,RECONQUISTA  846,ALCORTA,CONSTITUCIÓN,SANTA FE,2117,-61.12361274,-33.53611499
BENEDETTI,RIVADAVIA 203,ALCORTA,CONSTITUCIÓN,SANTA FE,2117,-61.12624913,-33.5410432
PLACENTI,BELGRANO 632,ALVAREZ,ROSARIO,SANTA FE,2107,-60.80305727,-33.13019972
NENCIONI,ITUZAIGO 347,ALVAREZ,ROSARIO,SANTA FE,2107,-60.80684719,-33.12657776
CIPRIANI,SAN MARTIN 603,ALVAREZ,ROSARIO,SANTA FE,2107,-60.80103546,-33.13056092
MANGIONE,PELLEGRINI 2198,ALVEAR,ROSARIO,SANTA FE,2126,-60.6173524,-33.05988477
PIGHIN,SAN MARTIN 2396,ALVEAR,ROSARIO,SANTA FE,2126,-60.62025019,-33.06015482
LUPO,25 DE MAYO 770,PUEBLO ANDINO,IRIONDO,SANTA FE,2214,-60.87701686,-32.67093604
GIUDICE,LISANDRO DE LA TORRE 672,PUEBLO ANDINO,IRIONDO,SANTA FE,2214,-60.87790316,-32.66603648
BUCCELLA,AV. 9 DE JULIO 1533,AREQUITO,CASEROS,SANTA FE,2183,-61.47140869,-33.14188976
BACHMAN,B. LOPEZ 1686,AREQUITO,CASEROS,SANTA FE,2183,,
LIBARDI,B. LOPEZ 1367,AREQUITO,CASEROS,SANTA FE,2183,,
PEDRIDO,B. LOPEZ 1568,AREQUITO,CASEROS,SANTA FE,2183,,
U.O.M.,CORDOBA 1202,AREQUITO,CASEROS,SANTA FE,2183,-61.4757447,-33.14815063
GRIVARELLO,DR. J. MANINO 1643,AREQUITO,CASEROS,SANTA FE,2183,,
BIAGETTI,14 DE DICIEMBRE 1802,ARMSTRONG,BELGRANO,SANTA FE,2508,-61.60520288,-32.78135573
SANTINELLI,14 DE DICIEMBRE 1315,ARMSTRONG,BELGRANO,SANTA FE,2508,-61.59858514,-32.78253724
PAGURA,BV ROLDAN 1677,ARMSTRONG,BELGRANO,SANTA FE,2508,-61.60384508,-32.7828889
FRANCISCONI,BV. FLOTRON 1745,ARMSTRONG,BELGRANO,SANTA FE,2508,,
ROQUETTA,SARGENTO CABRAL 884,SAN LORENZO,SAN LORENZO,SANTA FE,2200,-60.73087413,-32.7525916
ALZUGARAY,URIBURU 1405,SAN LORENZO,SAN LORENZO,SANTA FE,2200,-60.74054402,-32.7474758
AMADIO,MARIANO MORENO 70,SANCTI SPIRITU,GENERAL LÓPEZ,SANTA FE,2617,-62.2415961,-34.0106042
BEJARANO,RIVADAVIA 303,SANCTI SPIRITU,GENERAL LÓPEZ,SANTA FE,2617,-62.24289034,-34.00810243
BALSAMO,BV.ROLDAN 1501,ARMSTRONG,BELGRANO,SANTA FE,2508,-61.60142079,-32.78331394
RUBICINI,DELFOR CABRERA 1487,ARMSTRONG,BELGRANO,SANTA FE,2508,-61.60258043,-32.78880373
GRIFFA,FRENCH 1564,ARMSTRONG,BELGRANO,SANTA FE,2508,,
TERRANEO,SAN MARTIN 1453,ARMSTRONG,BELGRANO,SANTA FE,2508,-61.60109036,-32.78469631
GAUDIO,GRAL LOPEZ 43,ARROYO SECO,ROSARIO,SANTA FE,2128,-60.51750221,-33.15514131
BRACCIO,H. IRIGOYEN 230,ARROYO SECO,ROSARIO,SANTA FE,2128,,
DELVECCHIO,HUMBERTO PRIMO 655,ARROYO SECO,ROSARIO,SANTA FE,2128,-60.50469447,-33.15627234
GRASSO,INT. CONSTANTINI 53,ARROYO SECO,ROSARIO,SANTA FE,2128,-60.50079439,-33.15714805
ARGUTTI,J. B .JUSTO 374,ARROYO SECO,ROSARIO,SANTA FE,2128,,
DE LUCA,LIBERTAD 231,ARROYO SECO,ROSARIO,SANTA FE,2128,-60.51363809,-33.15527714
TAGLIARINO,LIBERTAD 576,ARROYO SECO,ROSARIO,SANTA FE,2128,-60.5105735,-33.15274424
DIMAURO,MORENO 31,ARROYO SECO,ROSARIO,SANTA FE,2128,-60.50732528,-33.16291925
MALUCCHI,SAN MARTIN 98,ARROYO SECO,ROSARIO,SANTA FE,2128,-60.50594971,-33.16065152
TOGNETTI,SAN MARTIN 337,ARROYO SECO,ROSARIO,SANTA FE,2128,-60.50830968,-33.15863636
NIEVAS,YRIGOYEN 443 bis,ARROYO SECO,ROSARIO,SANTA FE,2128,-60.51922954,-33.16058794
PEROTTI,INDEPENDENCIA 613,ARTEAGA,CASEROS,SANTA FE,2187,-61.79416967,-33.09125165
FERRETTI,ROGELIO NARDI 598,ARTEAGA,CASEROS,SANTA FE,2187,-61.79121301,-33.08500798
ARTEAGA,SAN MARTIN 405,ARTEAGA,CASEROS,SANTA FE,2187,-61.79256525,-33.09267144
DEL PUEBLO,SAN MARTIN 80,ARTEAGA,CASEROS,SANTA FE,2187,-61.7911989,-33.08915593
FERRONI,SAN MARTIN 145,ARTEAGA,CASEROS,SANTA FE,2187,-61.79139673,-33.08986632
ROGELIO TERRE,MARIANO MORENO 199,BERAVEBU,CASEROS,SANTA FE,2826,,
FRAPPA,R. TORRE 524,BERAVEBU,CASEROS,SANTA FE,2826,,
BERAVEBU,ROGELIO TERRE 747,BERAVEBU,CASEROS,SANTA FE,2826,-61.86348207,-33.34022902
MUTUAL C .M. DEPORT. BERAVEBU,S. DE IRIONDO 538,BERAVEBU,CASEROS,SANTA FE,2826,,
PAOLUCCI,AV. SAN MARTIN 1199,BIGAND,CASEROS,SANTA FE,2177,-61.1813157,-33.37537211
ERCEG,CORDOBA 1422,BIGAND,CASEROS,SANTA FE,2177,-61.18603477,-33.37405528
ITURBE,R DE ESCALADA 1444,BIGAND,CASEROS,SANTA FE,2177,,
BATISTA,RIVADAVIA 1498,BIGAND,CASEROS,SANTA FE,2177,-61.18616776,-33.37541148
CLAPIZ,SARMIENTO 321,BIGAND,CASEROS,SANTA FE,2177,-61.18453467,-33.37553945
BIONDI,ALTAMIRANO 521,BOMBAL,CONSTITUCIÓN,SANTA FE,2179,-61.319553,-33.4586295
JUAN,AV. SAN MARTIN 238,BOMBAL,CONSTITUCIÓN,SANTA FE,2179,-61.31943555,-33.45635889
FARMACIA STAMPELLA,AV. SAN MARTIN 148,BOMBAL,CONSTITUCIÓN,SANTA FE,2179,-61.32013691,-33.45548808
FARMACIA TREGGIA,AV. SAN MARTIN 334,BOMBAL,CONSTITUCIÓN,SANTA FE,2179,-61.31868286,-33.45733062
ROSSO,9 DE JULIO 29,BOUQUET,BELGRANO,SANTA FE,2523,-61.8896158,-32.42221548
PIRES,RIVADAVIA 197,BOUQUET,BELGRANO,SANTA FE,2523,-61.88882644,-32.424072
TABORDA,SAN MARTIN 862,BUSTINZA,IRIONDO,SANTA FE,2501,-61.29190223,-32.73994052
BERASI,JUAN GODEKEN  851,CAFFERATA,GENERAL LÓPEZ,SANTA FE,2643,,
ASOC. MUT .JUVENTUD UNIDA,SAN MARTIN 998,CAFFERATA,GENERAL LÓPEZ,SANTA FE,2643,-62.08307329,-33.44058112
BARBIERO,AVELLANEDA  498,CAÑADA DE GOMEZ,IRIONDO,SANTA FE,2500,-61.38652445,-32.80982399
MEZZANO,BV. CENTENARIO 802,CAÑADA DE GOMEZ,IRIONDO,SANTA FE,2500,-61.39205763,-32.81477818
RACCA,BV. CENTENARIO 1474,CAÑADA DE GOMEZ,IRIONDO,SANTA FE,2500,-61.40178757,-32.81302827
GIRI,INDEPENDENCIA 506,CAÑADA DE GOMEZ,IRIONDO,SANTA FE,2500,-61.40654005,-32.81332288
TAULAMET,LAPRIDA 802,CAÑADA DE GOMEZ,IRIONDO,SANTA FE,2500,-61.4016815,-32.81121307
ADEO,LAVALLE 1304,CAÑADA DE GOMEZ,IRIONDO,SANTA FE,2500,-61.40090114,-32.81929731
ASOC. MUT. FERROVIARIA,LAVALLE 472,CAÑADA DE GOMEZ,IRIONDO,SANTA FE,2500,-61.38893616,-32.82136144
GRAVIER,LAVALLE 1102,CAÑADA DE GOMEZ,IRIONDO,SANTA FE,2500,-61.39812671,-32.81977926
SIMARA (AMAS),LAVALLE 1044 loc. 8 y 9,CAÑADA DE GOMEZ,IRIONDO,SANTA FE,2500,,
GARCIA,MARCONI 396,CAÑADA DE GOMEZ,IRIONDO,SANTA FE,2500,-61.38167649,-32.81887889
TORRE,Moreno 356,CAÑADA DE GOMEZ,IRIONDO,SANTA FE,2500,-61.396161,-32.81689
TERZONI,MORENO  302,CAÑADA DE GOMEZ,IRIONDO,SANTA FE,2500,-61.39617459,-32.81755543
LOVATO,OROÑO 821,CAÑADA DE GOMEZ,IRIONDO,SANTA FE,2500,-61.3886182,-32.81256693
PALAZZESI,PELLEGRINI 16,CAÑADA DE GOMEZ,IRIONDO,SANTA FE,2500,-61.39975018,-32.82054297
IADANZA,RIVADAVIA 503,CAÑADA DE GOMEZ,IRIONDO,SANTA FE,2500,-61.38874546,-32.81885335
GALFRE,SARMIENTO 25,CAÑADA DE GOMEZ,IRIONDO,SANTA FE,2500,-61.39224625,-32.82172688
BARONIO,URQUIZA 801,CAÑADA DE GOMEZ,IRIONDO,SANTA FE,2500,-61.39556952,-32.8294994
HOSPITAL PROVINCIAL SAN JOSE,URQUIZA 750,CAÑADA DE GOMEZ,IRIONDO,SANTA FE,2500,-61.39488486,-32.82962019
ZONA DE SALUD VI,URQUIZA 750,CAÑADA DE GOMEZ,IRIONDO,SANTA FE,2500,-61.39488486,-32.82962019
UGOLINI,SAN MARTIN 670,CAÑADA DEL UCLE,GENERAL LÓPEZ,SANTA FE,2635,-61.60923962,-33.40771529
FOGLIA,TTE. GENERAL LONARDI 440,CAÑADA RICA,CONSTITUCIÓN,SANTA FE,2105,,
FARMACIA RUCCI,9 de Julio 177,CAPITAN BERMUDEZ,SAN LORENZO,SANTA FE,2154,-60.7173316,-32.8205323
CEBALLOS,AV SAN LORENZO 229,CAPITAN BERMUDEZ,SAN LORENZO,SANTA FE,2154,,
PERLO,AV. EVA PERON 586,CAPITAN BERMUDEZ,SAN LORENZO,SANTA FE,2154,,
ALARCON,AV. SAN LORENZO 3147,CAPITAN BERMUDEZ,SAN LORENZO,SANTA FE,2154,,
FARMACIA FERNANDEZ,Avenida San Lorenzo 1629,CAPITAN BERMUDEZ,SAN LORENZO,SANTA FE,2154,-60.716289,-32.8170211
ROJAS,AV. SAN LORENZO 901,CAPITAN BERMUDEZ,SAN LORENZO,SANTA FE,2154,,
ROSARIO,AV. SAN LORENZO 671,CAPITAN BERMUDEZ,SAN LORENZO,SANTA FE,2154,,
ZACCO,AV. SAN ROQUE 35,CAPITAN BERMUDEZ,SAN LORENZO,SANTA FE,2154,,
ROSSINI,C. COLON 13,CAPITAN BERMUDEZ,SAN LORENZO,SANTA FE,2154,,
CINALLI,CELEDONIO ESCALADA 50,CAPITAN BERMUDEZ,SAN LORENZO,SANTA FE,2154,,
GIALLEONARDO,COLON 799,CAPITAN BERMUDEZ,SAN LORENZO,SANTA FE,2154,,
FARMACIA GONZALEZ,Colón 1312,CAPITAN BERMUDEZ,SAN LORENZO,SANTA FE,2154,,
GAIA,JUJUY 573,CAPITAN BERMUDEZ,SAN LORENZO,SANTA FE,2154,,
VILLAREAL,JUJUY 31,CAPITAN BERMUDEZ,SAN LORENZO,SANTA FE,2154,,
RICCA,PTE. PERON 99,CAPITAN BERMUDEZ,SAN LORENZO,SANTA FE,2154,,
YUS,SALTA 60,CAPITAN BERMUDEZ,SAN LORENZO,SANTA FE,2154,,
SAN MARTIN,1° DE MAYO 443,CARCARAÑA,SAN LORENZO,SANTA FE,2138,,
CUSUMANO,AV. LA PLATA 1660,CARCARAÑA,SAN LORENZO,SANTA FE,2138,,
PIKHART,AVDA. LA PLATA 654,CARCARAÑA,SAN LORENZO,SANTA FE,2138,,
GASSMANN,BELGRANO 1032,CARCARAÑA,SAN LORENZO,SANTA FE,2138,-61.15567577,-32.85618725
LA CUMBRE,BELGRANO 1433,CARCARAÑA,SAN LORENZO,SANTA FE,2138,-61.14986001,-32.85725328
PITTERI,EVA PERON 536,CARCARAÑA,SAN LORENZO,SANTA FE,2138,-61.15898217,-32.85612642
NARDI,SAN MARTIN 726,CARCARAÑA,SAN LORENZO,SANTA FE,2138,-61.15942302,-32.85384369
BERASAIN,SARMIENTO 1055,CARCARAÑA,SAN LORENZO,SANTA FE,2138,-61.15569346,-32.85757209
SOC. ITALIANA DE S. M .,SARMIENTO 1405/23,CARCARAÑA,SAN LORENZO,SANTA FE,2138,-61.15063832,-32.85845687
TRUCCO,MITRE 335,CARMEN,GENERAL LÓPEZ,SANTA FE,2618,-61.75856055,-33.73365443
KURTH,RIVADAVIA  354,CARMEN,GENERAL LÓPEZ,SANTA FE,2618,-61.75920497,-33.73075058
PALACIOS,OLMOS 453,CARRERAS,GENERAL LÓPEZ,SANTA FE,2729,-61.31081206,-33.60062558
BOCA,SARMIENTO 498,CARRERAS,GENERAL LÓPEZ,SANTA FE,2729,-61.30699641,-33.59765168
HOSPITAL SAN CARLOS,9 DE JULIO 2351,CASILDA,CASEROS,SANTA FE,2170,-61.15744866,-33.03641695
AUGUSTO,BUENOS AIRES 1830,CASILDA,CASEROS,SANTA FE,2170,-61.16314536,-33.04268047
CARDOZO,BUENOS AIRES 2768,CASILDA,CASEROS,SANTA FE,2170,-61.17296293,-33.0480994
LA ROSA,BUENOS AIRES 2184,CASILDA,CASEROS,SANTA FE,2170,-61.16695802,-33.04478459
MARONI,BUENOS AIRES 3335,CASILDA,CASEROS,SANTA FE,2170,-61.17885026,-33.05130462
BLANCO,BUENOS AIRES  2430,CASILDA,CASEROS,SANTA FE,2170,-61.16947074,-33.04618014
MILAN,BV. VILLADA 2041,CASILDA,CASEROS,SANTA FE,2170,-61.16957921,-33.03871315
VILLADA,BV. VILLADA 2334,CASILDA,CASEROS,SANTA FE,2170,-61.1725662,-33.04034464
FARMACIA BALEANI,DANTE ALIGHIERI 2202,CASILDA,CASEROS,SANTA FE,2170,-61.16580583,-33.04664518
GAIDO,DANTE ALIGHIERI 1701,CASILDA,CASEROS,SANTA FE,2170,-61.16042549,-33.04376076
CAMPANINI,ECHEVERRIA  2564,CASILDA,CASEROS,SANTA FE,2170,-61.1779857,-33.03772468
FUEYO,ESPAÑA 2199,CASILDA,CASEROS,SANTA FE,2170,-61.16882361,-33.04454172
CASILDA,FRAY LUIS BELTRAN 2401,CASILDA,CASEROS,SANTA FE,2170,-61.17054836,-33.04425194
PRESSIANI,H. YRIGOYEN 2594,CASILDA,CASEROS,SANTA FE,2170,,
TOSCANELLI,H. YRIGOYEN 1102,CASILDA,CASEROS,SANTA FE,2170,,
BIANUCCI,HIPOLITO YRIGOYEN 1701,CASILDA,CASEROS,SANTA FE,2170,-61.1625098,-33.04107236
MARSILI,L. DE LA TORRE 1305,CASILDA,CASEROS,SANTA FE,2170,,
PIOLETTI,L. DE LA TORRE 2601,CASILDA,CASEROS,SANTA FE,2170,,
ASOC. MUT. EMPLEADOS COMERCIO S.F.,LISANDRO DE LA TORRE 2241,CASILDA,CASEROS,SANTA FE,2170,-61.16689535,-33.04593006
ASOC. MUT C. A. DEF. BANFIELD,MITRE 1833,CASILDA,CASEROS,SANTA FE,2170,-61.16731208,-33.04839671
OLMOS,MITRE 2599,CASILDA,CASEROS,SANTA FE,2170,-61.17253738,-33.04164882
U.O.M.,MORENO 2447,CASILDA,CASEROS,SANTA FE,2170,-61.1735807,-33.04409511
ASOC. MUT AYUDA  ASOC. C .A .UNION CSSCASILDENSE,OVIDIO LAGOS 2744,CASILDA,CASEROS,SANTA FE,2170,,
GONZALEZ,OVIDIO LAGOS 1848,CASILDA,CASEROS,SANTA FE,2170,,
PIERABELLA A.,OVIDIO LAGOS 1101,CASILDA,CASEROS,SANTA FE,2170,,
REVELANT,OVIDIO LAGOS 2290,CASILDA,CASEROS,SANTA FE,2170,,
MARTINEZ,SAN MARTIN 1744,CASILDA,CASEROS,SANTA FE,2170,-61.16773515,-33.04974464
MUTUAL CAMIONEROS,SARMIENTO  2237,CASILDA,CASEROS,SANTA FE,2170,-61.16701841,-33.04308571
PACINI,BALCARCE 1744,CHABAS,CASEROS,SANTA FE,2173,-61.36132796,-33.24192733
BIANCHINI,LAVALLE 1457,CHABAS,CASEROS,SANTA FE,2173,-61.3562493,-33.24847013
DEL GRECCO,MITRE  1583,CHABAS,CASEROS,SANTA FE,2173,-61.35682735,-33.24635027
APLA,MORENO 1865,CHABAS,CASEROS,SANTA FE,2173,-61.35949273,-33.24146651
BUSILACCHI,MORENO 1639,CHABAS,CASEROS,SANTA FE,2173,-61.36105598,-33.24341872
TORRES,ROSARIO 1698,CHABAS,CASEROS,SANTA FE,2173,-61.36009085,-33.24825164
GISMONDI,SAN MARTIN 1799,CHABAS,CASEROS,SANTA FE,2173,-61.35659059,-33.24392642
CAMUSSO,9 DE JULIO 509,CHAÑAR LADEADO,CASEROS,SANTA FE,2173,-62.03813711,-33.32383994
MOMBELLY,9 DE JULIO 598,CHAÑAR LADEADO,CASEROS,SANTA FE,2173,-62.03689888,-33.32405672
MUTUAL CLUB CHAÑARENSE,9 DE JULIO 557,CHAÑAR LADEADO,CASEROS,SANTA FE,2173,-62.0374693,-33.32395686
FEDERICA,AV. SAN MARTIN 451,CHAÑAR LADEADO,CASEROS,SANTA FE,2173,-62.03868025,-33.32553449
SOC. ITALIANA DE SOCORROS,ITALIA 558,CHAÑAR LADEADO,CASEROS,SANTA FE,2173,-62.03975979,-33.32405562
LISI,SAN MARTIN 765,CHAÑAR LADEADO,CASEROS,SANTA FE,2173,-62.03780021,-33.32204275
DALMASSO,SANTA FE 328,CHAÑAR LADEADO,CASEROS,SANTA FE,2173,-62.04032096,-33.32225504
ASOC .MUT. DE SOCIOS C.A.S.M.,ESPAÑA 167,CHOVET,GENERAL LÓPEZ,SANTA FE,2633,-61.60543976,-33.6002891
BOVERIS,MALVINAS 162,CHOVET,GENERAL LÓPEZ,SANTA FE,2633,-61.60240705,-33.59746401
GAMULIN,SAN MARTIN 455,CHOVET,GENERAL LÓPEZ,SANTA FE,2633,-61.60830667,-33.6006093
SAN AGUSTIN,SARMIENTO 631,CHOVET,GENERAL LÓPEZ,SANTA FE,2633,-61.60544664,-33.59952751
BIROCCO,CENTENARIO  561,CARRIZALES (EST. CLARKE),IRIONDO,SANTA FE,2218,,
CERVETTO,ESPAÑA 860,CLASSON,IRIONDO,SANTA FE,2146,-61.29204038,-32.463121
ROSSETTI,AV. LAS COLONIAS 146,CORONEL ARNOLD,SAN LORENZO,SANTA FE,2123,,
GIUNTOLI,BELGRANO 588,CORONEL BOGADO,ROSARIO,SANTA FE,2103,-60.60260465,-33.31521456
DERICO,MORENO 571,CORONEL BOGADO,ROSARIO,SANTA FE,2103,-60.60368243,-33.31580531
DALESIO,SAN MARTIN 190,CORONEL BOGADO,ROSARIO,SANTA FE,2103,-60.60205535,-33.3160927
MARCELA VENTOLA,MAIPU 170,CORONEL RODOLFO S. DOMINGUEZ,ROSARIO,SANTA FE,2105,-60.71727837,-33.18074619
MAZZONE,25 DE MAYO 1150,CORREA,IRIONDO,SANTA FE,2506,-61.25442855,-32.8481907
DON GUILLERMO,25 DE MAYO Y BELGRANO 1026,CORREA,IRIONDO,SANTA FE,2506,,
VIOLA,RIVADAVIA 1278,CORREA,IRIONDO,SANTA FE,2506,-61.25531111,-32.84910695
SANTECCHIA,SARMIENTO 1148,CORREA,IRIONDO,SANTA FE,2506,-61.25358712,-32.84769368
DUHALDE,AV CRISTOPHERSEN 267,DIEGO DE ALVEAR,GENERAL LÓPEZ,SANTA FE,6036,,
ALDAZ,25 DE MAYO  715,ELORTONDO,GENERAL LÓPEZ,SANTA FE,2732,-61.61459609,-33.70104015
REQUEJO,9 DE JULIO 763,ELORTONDO,GENERAL LÓPEZ,SANTA FE,2732,-61.61709667,-33.70228896
GALIMBERTI,BELGRANO 1418,ELORTONDO,GENERAL LÓPEZ,SANTA FE,2732,-61.62165104,-33.70257938
REYNOSO,LIBERTAD 559,ELORTONDO,GENERAL LÓPEZ,SANTA FE,2732,-61.60993599,-33.69780629
BOVERIS,SAN MARTIN 1001,ELORTONDO,GENERAL LÓPEZ,SANTA FE,2732,-61.61648934,-33.69994481
GUARESCHI,SAN MARTIN 1167,ELORTONDO,GENERAL LÓPEZ,SANTA FE,2732,-61.61873981,-33.70050228
LILA,OCAMPO 1880,ROSARIO,ROSARIO,SANTA FE,2000,-60.65403394,-32.96450676
LIBERATORE,LAGOS OVIDIO AV 5436,ROSARIO,ROSARIO,SANTA FE,2000,-60.67560997,-33.00116431
LA CRUZ,RIVAROLA RODOLFO AV 7014,ROSARIO,ROSARIO,SANTA FE,2000,,
LA UNIVERSIDAD,SALTA AV 2801,ROSARIO,ROSARIO,SANTA FE,2000,-60.65971258,-32.93525742
LA INTERNACIONAL,SAN JUAN 3014,ROSARIO,ROSARIO,SANTA FE,2000,-60.66528619,-32.94546605
LAZARTE,SUPERI JOSE 1466,ROSARIO,ROSARIO,SANTA FE,2000,,
LA GUARDIA,URIBURU JOSE EVARISTO PRES AV 1462,ROSARIO,ROSARIO,SANTA FE,2000,,
MAZZARA,27 DE FEBRERO 3302,ROSARIO,ROSARIO,SANTA FE,2000,-60.67362524,-32.96229153
MEROI,ALEM LEANDRO N 1298,ROSARIO,ROSARIO,SANTA FE,2000,,
MILITELLO,AMENABAR 1773,ROSARIO,ROSARIO,SANTA FE,2000,-60.65399154,-32.9705054
MASAROTTO,ARIJON AV 2199,ROSARIO,ROSARIO,SANTA FE,2000,-60.66482874,-33.00350162
MORONI,PELLEGRINI CARLOS AV 1571,ROSARIO,ROSARIO,SANTA FE,2000,,
MENONI,AYACUCHO 1392,ROSARIO,ROSARIO,SANTA FE,2000,-60.6287819,-32.95578176
MAHLIER,BALCARCE 298,ROSARIO,ROSARIO,SANTA FE,2000,-60.650476,-32.93813495
MATTIOLI,BALCARCE 3601,ROSARIO,ROSARIO,SANTA FE,2000,-60.66018042,-32.97669938
MIRETTI,AVELLANEDA BV 1433,ROSARIO,ROSARIO,SANTA FE,2000,-60.6812447,-32.94686232
MOLEDO,RONDEAU BV 3695,ROSARIO,ROSARIO,SANTA FE,2000,-60.69688225,-32.88047121
MONDO,CORDOBA 977,ROSARIO,ROSARIO,SANTA FE,2000,-60.63641412,-32.94681437
MONTERO,DONADO BIS 714,ROSARIO,ROSARIO,SANTA FE,2000,-60.72773546,-32.92037002
MURO,ENTRE RIOS 845,ROSARIO,ROSARIO,SANTA FE,2000,-60.6410994,-32.94645266
M. A. GARCIA,GUATEMALA 1403,ROSARIO,ROSARIO,SANTA FE,2000,-60.71706962,-32.9447415
MASSARA,IRIONDO 2848,ROSARIO,ROSARIO,SANTA FE,2000,-60.67568955,-32.9648345
MIRABET,JUJUY 1598,ROSARIO,ROSARIO,SANTA FE,2000,-60.64306844,-32.93701014
MARIN,LA PAZ 3093,ROSARIO,ROSARIO,SANTA FE,2000,-60.66980946,-32.95929977
MARTINEZ,BUENOS AIRES 128,EMPALME VILLA CONSTITUCION,CONSTITUCIÓN,SANTA FE,2918,-60.38232892,-33.25871543
ROSSI,CORRIENTES 53,EMPALME VILLA CONSTITUCION,CONSTITUCIÓN,SANTA FE,2918,-60.37951738,-33.25821595
YACOMOZZI,SAAVEDRA 370,EMPALME VILLA CONSTITUCION,CONSTITUCIÓN,SANTA FE,2918,-60.38527655,-33.26445611
ASOC. MUTUAL EMP CENTRAL,SAN MARTIN 301,EMPALME VILLA CONSTITUCION,CONSTITUCIÓN,SANTA FE,2918,-60.38066128,-33.25856464
EL CONDOR,SAN MARTIN 199,EMPALME VILLA CONSTITUCION,CONSTITUCIÓN,SANTA FE,2918,-60.38136178,-33.25923872
DE MICHELI,AMEGHINO 644,FIGHIERA,ROSARIO,SANTA FE,2126,-60.46908053,-33.19422688
FIGHIERA,MARCONI 827,FIGHIERA,ROSARIO,SANTA FE,2126,-60.47023645,-33.19059803
CRESTA,MORENO 803,FIGHIERA,ROSARIO,SANTA FE,2126,-60.46857806,-33.19528042
CARASSAI,PUYRREDON 1070,FIGHIERA,ROSARIO,SANTA FE,2126,-60.47014625,-33.19250699
DEL PUEBLO,SAN MARTIN 1125,FIGHIERA,ROSARIO,SANTA FE,2126,-60.46980483,-33.19139871
MARCUCCI,SAN MARTIN 671,FIGHIERA,ROSARIO,SANTA FE,2126,-60.4656544,-33.1948604
ARLOTTI,ALBERDI 878,FIRMAT,CONSTITUCIÓN,SANTA FE,2630,-61.48240477,-33.45569665
TOPA,AMRTE. BROWN 1603,FIRMAT,CONSTITUCIÓN,SANTA FE,2630,,
ORSO,Avenida Santa Fe 1299,FIRMAT,CONSTITUCIÓN,SANTA FE,2630,-61.48828447,-33.45861381
GIULIANI,AV. RIVADAVIA                       1289,FIRMAT,CONSTITUCIÓN,SANTA FE,2630,,
AGOSTINELLI,AVDA. SANTA FE                      1602,FIRMAT,CONSTITUCIÓN,SANTA FE,2630,,
AMERISE,AVDA. SANTA FE                      1271,FIRMAT,CONSTITUCIÓN,SANTA FE,2630,,
ROSSI,BV. SOLIS                           1411,FIRMAT,CONSTITUCIÓN,SANTA FE,2630,-61.48392761,-33.45413196
BUCCI,CARLOS CASADO 1315,FIRMAT,CONSTITUCIÓN,SANTA FE,2630,-61.49120967,-33.45476406
SELLART,CARLOS CASADO 846,FIRMAT,CONSTITUCIÓN,SANTA FE,2630,-61.49162619,-33.45993802
ORO,CORDOBA                             602,FIRMAT,CONSTITUCIÓN,SANTA FE,2630,-61.48852391,-33.46297897
SEGURADO,LIBERTAD 1027,FIRMAT,CONSTITUCIÓN,SANTA FE,2630,-61.48468158,-33.46185682
TRUCCO,LIBERTAD 1860,FIRMAT,CONSTITUCIÓN,SANTA FE,2630,,
CAMILLOZZI,SANTA FE  891,FIRMAT,CONSTITUCIÓN,SANTA FE,2630,-61.48282557,-33.45881896
HOSP. SAMCO (GRAL SAN MARTIN,SANTA FE  1860,FIRMAT,CONSTITUCIÓN,SANTA FE,2630,-61.49474707,-33.45815374
MARKS,MITRE BARTOLOME 3598,ROSARIO,ROSARIO,SANTA FE,2000,,
MASSARO,MONTEVIDEO 6387,ROSARIO,ROSARIO,SANTA FE,2000,-60.70865916,-32.94733547
MENDEZ,NECOCHEA 2945,ROSARIO,ROSARIO,SANTA FE,2000,-60.63051369,-32.97406984
MOLLARDO,OLIVE 1982,ROSARIO,ROSARIO,SANTA FE,2000,-60.69084626,-32.91318232
MURUA,LAGOS OVIDIO AV 3798,ROSARIO,ROSARIO,SANTA FE,2000,-60.67001272,-32.97724031
MILANI STRA,LAGOS OVIDIO AV 3298,ROSARIO,ROSARIO,SANTA FE,2000,-60.6685948,-32.97149535
MUSI,LAGOS OVIDIO AV 7570,ROSARIO,ROSARIO,SANTA FE,2000,-60.68112984,-33.02641781
MANDRILE,ROCA JULIO ARGENTINO PTE 195,ROSARIO,ROSARIO,SANTA FE,2000,,
MONTES,ROCA JULIO ARGENTINO PTE 901,ROSARIO,ROSARIO,SANTA FE,2000,,
MANISCALCO,Avenida Rivarola 7801,ROSARIO,ROSARIO,SANTA FE,2000,-60.7247854,-32.9662032
MARCOLINI,RUEDA MIGUEL DR 2480,ROSARIO,ROSARIO,SANTA FE,2000,,
MC CLYMONT,SALTA AV 2398,ROSARIO,ROSARIO,SANTA FE,2000,-60.65426864,-32.93623518
M.S. HERNANDEZ,SAN JUAN 681,ROSARIO,ROSARIO,SANTA FE,2000,-60.63341533,-32.95126932
FARMACIA MAIPU,San Luis 902,ROSARIO,ROSARIO,SANTA FE,2000,-60.635964,-32.9494739
MAMELUCO,SAN LUIS 3039,ROSARIO,ROSARIO,SANTA FE,2000,-60.66538055,-32.94426553
MIR,SE SAN MARTIN JOSE GRL AV 4315,ROSARIO,ROSARIO,SANTA FE,2000,,
MARTA PIATTI,SAN NICOLAS 485,ROSARIO,ROSARIO,SANTA FE,2000,-60.67142266,-32.93667277
MERCURIO,SANTA FE 1813,ROSARIO,ROSARIO,SANTA FE,2000,-60.64770254,-32.94328597
MINA,SANTIAGO 1499,ROSARIO,ROSARIO,SANTA FE,2000,-60.65818523,-32.95180884
MOSCATO,SARMIENTO DOMINGO FAUSTINO PRES 456,ROSARIO,ROSARIO,SANTA FE,2000,,
M. GONZALEZ,VELEZ SARSFIELD 731,ROSARIO,ROSARIO,SANTA FE,2000,-60.67419589,-32.92490545
NOBILE,27 DE FEBRERO 6016,ROSARIO,ROSARIO,SANTA FE,2000,-60.70392648,-32.9592374
NOGUERA,GRANDOLI ABANDERADO 3697,ROSARIO,ROSARIO,SANTA FE,2000,-60.62817039,-32.9835012
NUEVO ALBERDI,GRAVEL JOAQUIN DR 2826,ROSARIO,ROSARIO,SANTA FE,2000,-60.72602455,-32.88883697
N. RODRIGUEZ,CARRIEGO 1366,ROSARIO,ROSARIO,SANTA FE,2000,-60.69043762,-32.94444818
REALI,SANTA FE                            1199,FIRMAT,CONSTITUCIÓN,SANTA FE,2630,-61.48692766,-33.45858115
IANNI,SARMIENTO                           1232,FIRMAT,CONSTITUCIÓN,SANTA FE,2630,-61.48742445,-33.45961365
SANTILLI,SARMIENTO                            1465,FIRMAT,CONSTITUCIÓN,SANTA FE,2630,-61.49006061,-33.45946167
ORTIZ,ARTURO ILLIA 21,FRAY LUIS BELTRAN,SAN LORENZO,SANTA FE,2156,,
RIVERO,AV. SAN MARTIN 1267,FRAY LUIS BELTRAN,SAN LORENZO,SANTA FE,2156,-60.72444749,-32.78937623
PONCE,AV. SAN MARTIN 2035,FRAY LUIS BELTRAN,SAN LORENZO,SANTA FE,2156,-60.72650765,-32.78235943
MUTUAL SULFACID,DORREGO 50,FRAY LUIS BELTRAN,SAN LORENZO,SANTA FE,2156,-60.72707078,-32.78344369
VITALE,GRAL. SAVIO 214,FRAY LUIS BELTRAN,SAN LORENZO,SANTA FE,2156,-60.73045648,-32.78370056
MUGICA,LAS HERAS 73,FRAY LUIS BELTRAN,SAN LORENZO,SANTA FE,2156,-60.7217892,-32.80059378
CIACCIO,INDEPENDENCIA 398,FUENTES,SAN LORENZO,SANTA FE,2123,-61.07444725,-33.17333385
BLANCATO,RECONQUISTA 445,FUENTES,SAN LORENZO,SANTA FE,2123,-61.0777121,-33.17454903
BUCCI,SIMON DE IRIONDO 406,FUENTES,SAN LORENZO,SANTA FE,2123,-61.07330054,-33.17260098
DEL COUNTRY,AVDA. ARGENTINA 2191,FUNES,ROSARIO,SANTA FE,2132,,
SABIN,AVDA. FUERZA AEREA 1990,FUNES,ROSARIO,SANTA FE,2132,,
DEL PUEBLO,AVDA. ILLIA 911,FUNES,ROSARIO,SANTA FE,2132,,
LUCHETTA,BUENOS AIRES 1654,FUNES,ROSARIO,SANTA FE,2132,-60.80950748,-32.91262892
ORCELLET,BUENOS AIRES  646,FUNES,ROSARIO,SANTA FE,2132,-60.79615533,-32.91499055
DELLA LONGA,COCHET 2095,FUNES,ROSARIO,SANTA FE,2132,-60.80607005,-32.92238498
MARCELO MARCHETTI,CORDOBA 1901,FUNES,ROSARIO,SANTA FE,2132,-60.81474146,-32.92086339
BASANO,ELORZA 1215 LOC. 4,FUNES,ROSARIO,SANTA FE,2132,,
SPLENDIANI,GRAL PAZ 1441,FUNES,ROSARIO,SANTA FE,2132,-60.80737201,-32.91517472
JOSE DANIEL CARNEVALE,INDEPENDENCIA 1721,FUNES,ROSARIO,SANTA FE,2132,,
VAZQUEZ,J. ELORZA 1623,FUNES,ROSARIO,SANTA FE,2132,,
SCOZZIERO,SAN MARTIN 716,FUNES,ROSARIO,SANTA FE,2132,-60.79919354,-32.92281732
DEL PUERTO,CRISTOBAL GILL 257,GENERAL GELLY,CONSTITUCIÓN,SANTA FE,2701,,
NORMA SOLARI,RIVAS DR 1382,ROSARIO,ROSARIO,SANTA FE,2000,-60.65149797,-32.98293906
NUEZ,FRANCIA AV 1717,ROSARIO,ROSARIO,SANTA FE,2000,-60.66844145,-32.9526248
NOVISKI,SE SAN MARTIN JOSE GRL AV 3399,ROSARIO,ROSARIO,SANTA FE,2000,,
OCAMPO,NTRA SRA DEL ROSARIO AV 801,ROSARIO,ROSARIO,SANTA FE,2000,-60.64711815,-32.99979468
OLDANI,AVELLANEDA BIS BV 384,ROSARIO,ROSARIO,SANTA FE,2000,-60.6753197,-32.92359475
ORELLANO,COLOMBIA BIS 954,ROSARIO,ROSARIO,SANTA FE,2000,-60.71753155,-32.9176465
ORIOL,JUNIN 498,ROSARIO,ROSARIO,SANTA FE,2000,-60.67069377,-32.92649582
OROO,OROO NICASIO BV 3071,ROSARIO,ROSARIO,SANTA FE,2000,,
OVIDIO LAGOS,LAGOS OVIDIO AV 1399,ROSARIO,ROSARIO,SANTA FE,2000,-60.66332927,-32.94966273
PAOLINO,27 DE FEBRERO 3946,ROSARIO,ROSARIO,SANTA FE,2000,-60.68240468,-32.96071892
PALMILI,ALEM LEANDRO N 1509,ROSARIO,ROSARIO,SANTA FE,2000,,
PEDRO F. GONZALEZ,ALEM LEANDRO N 2402,ROSARIO,ROSARIO,SANTA FE,2000,,
PEYRE,LITUANIA 5496,ROSARIO,ROSARIO,SANTA FE,2000,-60.62174963,-33.00053877
PELLEGRINI,PELLEGRINI CARLOS AV 1195,ROSARIO,ROSARIO,SANTA FE,2000,,
PENNACCHIETTI,PELLEGRINI CARLOS AV 3266,ROSARIO,ROSARIO,SANTA FE,2000,,
PETRUZZI,PELLEGRINI CARLOS AV 3770,ROSARIO,ROSARIO,SANTA FE,2000,,
PATRICIA HERNANDEZ,URIBURU JOSE EVARISTO PRES AV 2049,ROSARIO,ROSARIO,SANTA FE,2000,,
PRARIZZI,BERUTI 4058,ROSARIO,ROSARIO,SANTA FE,2000,-60.62963524,-32.98755413
PASTEUR,SEGUI JUAN FRANCISCO BV 2809,ROSARIO,ROSARIO,SANTA FE,2000,,
PARDO,CAFFERATA 397,ROSARIO,ROSARIO,SANTA FE,2000,-60.66980457,-32.93587492
PRIETO,SADI CARNOT 6193,ROSARIO,ROSARIO,SANTA FE,2000,-60.64848154,-33.00884621
RUSTICI,HILARIO LAGOS 190,GENERAL LAGOS,ROSARIO,SANTA FE,2126,-60.56633407,-33.11034071
RICCI,SAN MARTIN 509,GENERAL LAGOS,ROSARIO,SANTA FE,2126,-60.56397834,-33.11102924
MUTUAL C.S.DEP.GODEKEN,CALLE 13 905,GODEKEN,CASEROS,SANTA FE,2639,-61.84221202,-33.40139809
ROSSELL,CALLE 17 1074,GODEKEN,CASEROS,SANTA FE,2639,-61.84294595,-33.40336055
DI SANTE,SAN MARTIN 720,GODOY,CONSTITUCIÓN,SANTA FE,2921,-60.50720204,-33.36899826
SCHROPP,ARENALES 250,GRANADERO BAIGORRIA,ROSARIO,SANTA FE,2152,-60.70751785,-32.85906194
PERRETA,AV. SAN MARTIN 3157,GRANADERO BAIGORRIA,ROSARIO,SANTA FE,2152,-60.70916149,-32.83992981
BARATTO,BELGRANO 98,GRANADERO BAIGORRIA,ROSARIO,SANTA FE,2152,-60.70330079,-32.86407471
GRANADERO BAIGORRIA,EVA PERON 603,GRANADERO BAIGORRIA,ROSARIO,SANTA FE,2152,-60.71402031,-32.85840318
BERNAUS,IBARLUCEA 92,GRANADERO BAIGORRIA,ROSARIO,SANTA FE,2152,-60.70768931,-32.84101765
MUTUAL PERSONAL JHON DEERE ARG.,JUAN ORSETTI 506,GRANADERO BAIGORRIA,ROSARIO,SANTA FE,2152,,
VINDEROLA,JUAN ORSETTI 746,GRANADERO BAIGORRIA,ROSARIO,SANTA FE,2152,,
MARCONI KARPYSZYN,LOS AROMOS 76,GRANADERO BAIGORRIA,ROSARIO,SANTA FE,2152,-60.7011997,-32.8633125
MINIELLO,NEUQUEN 11,GRANADERO BAIGORRIA,ROSARIO,SANTA FE,2152,-60.70214623,-32.86180061
VALIA,RIVADAVIA 201,GRANADERO BAIGORRIA,ROSARIO,SANTA FE,2152,-60.70561851,-32.86219885
HOSPITAL EVA PERON,RUTA 11 Y EVA PERON 0,GRANADERO BAIGORRIA,ROSARIO,SANTA FE,2152,,
MEOLI,SAENZ 17,GRANADERO BAIGORRIA,ROSARIO,SANTA FE,2152,-60.70316166,-32.86053752
FARMACIA BIANCHI,SAN MARTIN 1217,GRANADERO BAIGORRIA,ROSARIO,SANTA FE,2152,-60.7033324,-32.8590761
PALANA,SAN MARTIN 2542,GRANADERO BAIGORRIA,ROSARIO,SANTA FE,2152,-60.70773129,-32.844472
ROMANO,SAN MARTIN 2371,GRANADERO BAIGORRIA,ROSARIO,SANTA FE,2152,-60.70690107,-32.84721499
NOE,RIVADAVIA 351,HUGHES,GENERAL LÓPEZ,SANTA FE,2725,-61.33583321,-33.80233425
LAFUENTE,SIMON DE IRIONDO 798,HUGHES,GENERAL LÓPEZ,SANTA FE,2725,-61.33496948,-33.80031682
ROMANO,SIMON DE IRIONDO 599,HUGHES,GENERAL LÓPEZ,SANTA FE,2725,-61.33770462,-33.80087314
GARCIA,MITRE 44,IBARLUCEA,ROSARIO,SANTA FE,2142,-60.78489994,-32.85290163
FEDYSZYN,SAN MARTIN 1032,IBARLUCEA,ROSARIO,SANTA FE,2142,-60.78694547,-32.85238421
PALOSSI,SAN MARTIN 182,JUAN B. MOLINA,CONSTITUCIÓN,SANTA FE,2103,-60.512737,-33.49529714
PARQUE BRITANIA,CORRIENTES AV 198,ROSARIO,ROSARIO,SANTA FE,2000,-60.6406676,-32.9386286
PERINETTI,IRIGOYEN HIPOLITO AV 1078,ROSARIO,ROSARIO,SANTA FE,2000,,
PENSA,IGUAZU 175,ROSARIO,ROSARIO,SANTA FE,2000,-60.68572736,-32.92950639
PUTIGNANI,DE ROSAS JUAN MANUEL 2096,ROSARIO,ROSARIO,SANTA FE,2000,,
PUIGDOMENECH,MARTIN FIERRO 666,ROSARIO,ROSARIO,SANTA FE,2000,-60.69537544,-32.87760111
PENOTTI,MENDOZA AV 7211,ROSARIO,ROSARIO,SANTA FE,2000,,
PATRIS,MONTEVIDEO 5602,ROSARIO,ROSARIO,SANTA FE,2000,-60.69962142,-32.94711237
PASCUAL,LAGOS OVIDIO AV 5692,ROSARIO,ROSARIO,SANTA FE,2000,-60.67618151,-33.00377895
PECCHIO,LAGOS OVIDIO AV 4601,ROSARIO,ROSARIO,SANTA FE,2000,-60.67347768,-32.99160443
PARLATORE,PARAGUAY 387,ROSARIO,ROSARIO,SANTA FE,2000,-60.64254326,-32.94066426
PERRONE,PELLEGRINI CARLOS AV 5315,ROSARIO,ROSARIO,SANTA FE,2000,,
PARQUE ESPAA,SALTA AV 1222,ROSARIO,ROSARIO,SANTA FE,2000,-60.63811415,-32.93912583
PESADO,SAN JUAN 1701,ROSARIO,ROSARIO,SANTA FE,2000,-60.64753,-32.9487139
PERDOMO,SAN LUIS 2492,ROSARIO,ROSARIO,SANTA FE,2000,-60.6579592,-32.94560292
PARRA,SARMIENTO DOMINGO FAUSTINO PRES 1637,ROSARIO,ROSARIO,SANTA FE,2000,,
PIERISTEI,SARMIENTO 3202,ROSARIO,ROSARIO,SANTA FE,2000,-60.645337,-32.9745015
PARIZZIA,WHEELWRIGHT AV 1475,ROSARIO,ROSARIO,SANTA FE,2000,-60.64124599,-32.93686733
PEDRETTI,ZUVIRIA 7202,ROSARIO,ROSARIO,SANTA FE,2000,-60.71860409,-32.93709574
QUIROS,IRURTIA 7476,ROSARIO,ROSARIO,SANTA FE,2000,-60.72115316,-32.96690996
RONCHI,3 DE FEBRERO 1283,ROSARIO,ROSARIO,SANTA FE,2000,-60.64233126,-32.95229899
ROTGER,FRANCIA AV 1173,ROSARIO,ROSARIO,SANTA FE,2000,-60.66682928,-32.94626644
ROLDAN,BALCARCE 162,ROSARIO,ROSARIO,SANTA FE,2000,-60.65007827,-32.93653666
RABITO,BERRINI FRANCISCO JOSE 2275,ROSARIO,ROSARIO,SANTA FE,2000,,
GARROFE,SARMIENTO 546,JUAN B. MOLINA,CONSTITUCIÓN,SANTA FE,2103,-60.51422022,-33.49390093
SHERIDAN,BELGRANO 379,JUNCAL,CONSTITUCIÓN,SANTA FE,2723,-61.04957761,-33.71755264
FEIJOO,SAN MARTIN 433,LABORDEBOY,GENERAL LÓPEZ,SANTA FE,2726,-61.31290546,-33.71793872
LONGO,AVDA. 13 739,LAS PAREJAS,BELGRANO,SANTA FE,2505,,
ASTEGIANO,AVDA. 18 798,LAS PAREJAS,BELGRANO,SANTA FE,2505,,
REINALDI,AVDA. 18 756,LAS PAREJAS,BELGRANO,SANTA FE,2505,,
BIAMONTE,AVDA. 21 686,LAS PAREJAS,BELGRANO,SANTA FE,2505,,
MUT. SPORTIVO AT. CLUB,AVDA. 24 940,LAS PAREJAS,BELGRANO,SANTA FE,2505,,
U.O.M.,CALLE 11 1097,LAS PAREJAS,BELGRANO,SANTA FE,2505,-61.51502613,-32.68362577
PROPERSI,CALLE 12 971,LAS PAREJAS,BELGRANO,SANTA FE,2505,-61.5237241,-32.68197475
BAIGORRI,CALLE 20 1066,LAS PAREJAS,BELGRANO,SANTA FE,2505,-61.51882303,-32.67902029
ELOY BAIGORRI,CALLE 8 1102,LAS PAREJAS,BELGRANO,SANTA FE,2505,-61.52797618,-32.68193359
AIRA,BELGRANO 846,LAS ROSAS,BELGRANO,SANTA FE,2520,-61.5735523,-32.47679935
BALANSINO,ITALIA 895,LAS ROSAS,BELGRANO,SANTA FE,2520,-61.58429582,-32.47533962
PIRES,ITALIA 501,LAS ROSAS,BELGRANO,SANTA FE,2520,-61.57903317,-32.47634205
SANTA ROSA,ITALIA 149,LAS ROSAS,BELGRANO,SANTA FE,2520,-61.57435723,-32.47720334
TOIA ALEMAN,LAVALLE 310,LAS ROSAS,BELGRANO,SANTA FE,2520,-61.57678726,-32.47793565
GALLUCCI,PASO DE LOS ANDES 702,LAS ROSAS,BELGRANO,SANTA FE,2520,-61.58064015,-32.47719372
SAMCO,PASO DE LOS ANDES 419,LAS ROSAS,BELGRANO,SANTA FE,2520,-61.58146768,-32.48035836
BRUNO,RIVADAVIA 601,LAS ROSAS,BELGRANO,SANTA FE,2520,-61.57947971,-32.47268085
RUFFINI,RIVADAVIA  244,LAS ROSAS,BELGRANO,SANTA FE,2520,-61.57474094,-32.47358783
PONS,SAN LORENZO 975,LAS ROSAS,BELGRANO,SANTA FE,2520,-61.57716907,-32.47460517
FABRICHINI,URUGUAY 346,LAS ROSAS,BELGRANO,SANTA FE,2520,-61.56959639,-32.47347278
GERBAUDO,AVDA. NTRA. SRA. DEL ROSARIO 619,LOS MOLINOS,CASEROS,SANTA FE,2181,,
FERRARA,L. DE LA TORRE 555,LOS MOLINOS,CASEROS,SANTA FE,2181,,
COLOCCIONI,MARTIN FIERRO 281,LOS MOLINOS,CASEROS,SANTA FE,2181,-61.328506,-33.10463
FARMACIA CRUZ DEL PORTAL,V mercante 431,ROSARIO,ROSARIO,SANTA FE,2000,-60.68442911,-32.90958275
EL INCA,SAN MARTIN 2255,SANTA FE,LA CAPITAL,SANTA FE,3000,-60.7076883,-31.6496157
FARMACIA DANIEL LAGGER,Av. Facundo Zuviría 6536,SANTA FE,LA CAPITAL,SANTA FE,3000,-60.70319116,-31.606146
FIGUEROA SOBRERO,GENERAL PAZ 7471,SANTA FE,LA CAPITAL,SANTA FE,3000,-60.675034,-31.603387
HOSPITAL PROVINCIAL DEL CENTENARIO,urquiza 3101,ROSARIO,ROSARIO,SANTA FE,2000,-60.6647192,-32.9380541
FARMACIA HOSPITAL DE NIÑOS DR. ORLANDO ALASSIA,Mendoza 4151,SANTA FE,LA CAPITAL,SANTA FE,3000,-60.7274488,-31.6441392
FARMACIA PARQUE ESPAÑA,salta 1222,ROSARIO,ROSARIO,SANTA FE,2000,-60.6381211,-32.9390785
FARMACIA MUTUAL SINDICATO DE CAMIONEROS VENADO TUERTO,Maipu 627,VENADO TUERTO,GENERAL LÓPEZ,SANTA FE,2600,-61.9645661,-33.7456467
FARMACIA SANATORIO BRITANICO S A,paraguay 40,ROSARIO,ROSARIO,SANTA FE,2000,-60.641824,-32.936865
COLUCCI,Avenida Gobernador Freyre 1908,SANTA FE,LA CAPITAL,SANTA FE,3000,-60.719984,-31.651567
FARMACIA DEL AHORRO,Mendoza 2676,SANTA FE,LA CAPITAL,SANTA FE,3000,-60.708304,-31.648809
FARMACIA MUTUAL AMUR,Mitre 753,VENADO TUERTO,GENERAL LÓPEZ,SANTA FE,2600,-61.96372479,-33.74889884
FARMACIA SINDICAL UNION OBRERA METALURGICA VILLA CONSTITUCION,Perrisol 601,VILLA CONSTITUCION,CONSTITUCIÓN,SANTA FE,2919,-60.3124094,-33.24545219
BOLOGNESI,AVENIDA FDO. ZUVIRIA 5079,SANTA FE,LA CAPITAL,SANTA FE,3000,-60.7056037,-31.619794
FARMACIA HOSPITAL CENTRAL DRA. OLGA STUCKY DE RIZZI,Bv. Hipolito Yrigoyen 1580,RECONQUISTA,GENERAL OBLIGADO,SANTA FE,3567,-59.65768754,-29.15176189
FARMACIA SINDICAL LUZ Y FUERZA DE ROSARIO,Entre rios 982,ROSARIO,ROSARIO,SANTA FE,2000,-60.64160965,-32.9482055
MUTUAL DE LUZ Y FUERZA,AVENIDA ESTRUGAMOU 1985,VENADO TUERTO,GENERAL LÓPEZ,SANTA FE,2600,-61.9757612,-33.73624707
DEL INDIO,Juan B. Justo 1,VENADO TUERTO,GENERAL LÓPEZ,SANTA FE,2600,-61.96029961,-33.75167428
ASOCIACION EMPLEADOS DE COMERCIO DE ROSARIO,Corrientes 450,ROSARIO,ROSARIO,SANTA FE,2000,-60.6414338,-32.941624
GARAVAGLIA,SAN MARTIN 1360,VILLA CONSTITUCION,CONSTITUCIÓN,SANTA FE,2919,-60.328793,-33.22905531
FANESSI,1 DE MAYO 2899,SANTA FE,LA CAPITAL,SANTA FE,3000,-60.7093019,-31.641632
DEL CUETO,LAVALLE 701,VENADO TUERTO,GENERAL LÓPEZ,SANTA FE,2600,-61.96949154,-33.74827103
BERRON,Diagonal Goyena 3221,SANTA FE,LA CAPITAL,SANTA FE,3000,-60.706257,-31.615776
FARMACIA MUTUAL AMUR,PRESIDENTE  ROCA 835,ROSARIO,ROSARIO,SANTA FE,2000,-60.6451751,-32.9456988
ALBIZU,SAN MARTIN 303,VENADO TUERTO,GENERAL LÓPEZ,SANTA FE,2600,-61.96255267,-33.7493315
DEMAESTRI,3 DE FEBRERO 263,VENADO TUERTO,GENERAL LÓPEZ,SANTA FE,2600,-61.96371675,-33.75681904
FARMACIA GEREMIA,Av. Gral. San Martín 2030,VILLA GOBERNADOR GALVEZ,ROSARIO,SANTA FE,2124,-60.62543392,-33.02498268
EMBON (SUC TUCUMAN 1902),Tucuman 1902,ROSARIO,ROSARIO,SANTA FE,2000,-60.6481582,-32.9397322
MARCONETTI,20 DE JUNIO 127,BELLA ITALIA,CASTELLANOS,SANTA FE,2301,,
TOSI,CALLE 55 305,VILLA CAÑAS,GENERAL LÓPEZ,SANTA FE,2607,-61.60502493,-34.00645246
ESCUDERO,Avenida Galicia 1881,SANTA FE,LA CAPITAL,SANTA FE,3000,-60.68642065,-31.60682787
FARMACIA INTERNA DEL CEMAFE HEROES DE MALVINAS,Mendoza 2419,SANTA FE,LA CAPITAL,SANTA FE,3000,-60.7057757,-31.64947168
